id,year,state,state_po,candidate,party,candidatevotes,totalvotes,pct
2,1976,ALABAMA,AL,"FORD, GERALD",REP,504070,1182850,0.4261
103,1980,ALABAMA,AL,"REAGAN, RONALD",REP,654192,1341929,0.4875
205,1984,ALABAMA,AL,"REAGAN, RONALD",REP,872849,1441713,0.6054
307,1988,ALABAMA,AL,"BUSH, GEORGE H.W.",REP,815576,1378476,0.5917
409,1992,ALABAMA,AL,"BUSH, GEORGE H.W.",REP,804283,1688060,0.4765
511,1996,ALABAMA,AL,"DOLE, ROBERT",REP,769044,1534349,0.5012
613,2000,ALABAMA,AL,"BUSH, GEORGE W.",REP,941173,1666272,0.5648
715,2004,ALABAMA,AL,"BUSH, GEORGE W.",REP,1176394,1883415,0.6246
818,2008,ALABAMA,AL,"MCCAIN, JOHN",REP,1266546,2099819,0.6032
920,2012,ALABAMA,AL,"ROMNEY, MITT",REP,1255925,2074338,0.6055
1022,2016,ALABAMA,AL,"TRUMP, DONALD J.",REP,1318255,2123372,0.6208
1128,2020,ALABAMA,AL,"TRUMP, DONALD J.",REP,1441170,2323282,0.6203
3,1976,ALASKA,AK,"FORD, GERALD",REP,71555,123574,0.579
105,1980,ALASKA,AK,"REAGAN, RONALD",REP,86112,158445,0.5435
207,1984,ALASKA,AK,"REAGAN, RONALD",REP,138377,207605,0.6665
309,1988,ALASKA,AK,"BUSH, GEORGE H.W.",REP,119251,200116,0.5959
411,1992,ALASKA,AK,"BUSH, GEORGE H.W.",REP,102000,258506,0.3946
513,1996,ALASKA,AK,"DOLE, ROBERT",REP,122746,241620,0.508
615,2000,ALASKA,AK,"BUSH, GEORGE W.",REP,167398,285560,0.5862
717,2004,ALASKA,AK,"BUSH, GEORGE W.",REP,190889,312598,0.6107
820,2008,ALASKA,AK,"MCCAIN, JOHN",REP,193841,326197,0.5942
922,2012,ALASKA,AK,"ROMNEY, MITT",REP,164676,300495,0.548
1024,2016,ALASKA,AK,"TRUMP, DONALD J.",REP,163387,318608,0.5128
1130,2020,ALASKA,AK,"TRUMP, DONALD J.",REP,189951,359530,0.5283
5,1976,ARIZONA,AZ,"FORD, GERALD",REP,418642,742719,0.5637
107,1980,ARIZONA,AZ,"REAGAN, RONALD",REP,529688,873945,0.6061
209,1984,ARIZONA,AZ,"REAGAN, RONALD",REP,681416,1025897,0.6642
311,1988,ARIZONA,AZ,"BUSH, GEORGE H.W.",REP,702541,1171873,0.5995
413,1992,ARIZONA,AZ,"BUSH, GEORGE H.W.",REP,572086,1486975,0.3847
516,1996,ARIZONA,AZ,"DOLE, ROBERT",REP,622073,1404405,0.4429
617,2000,ARIZONA,AZ,"BUSH, GEORGE W.",REP,781652,1532016,0.5102
719,2004,ARIZONA,AZ,"BUSH, GEORGE W.",REP,1104294,2012585,0.5487
822,2008,ARIZONA,AZ,"MCCAIN, JOHN",REP,1230111,2293475,0.5364
924,2012,ARIZONA,AZ,"ROMNEY, MITT",REP,1233654,2299254,0.5365
1026,2016,ARIZONA,AZ,"TRUMP, DONALD J.",REP,1252401,2573165,0.4867
1132,2020,ARIZONA,AZ,"TRUMP, DONALD J.",REP,1661686,3387326,0.4906
8,1976,ARKANSAS,AR,"FORD, GERALD",REP,267903,767535,0.349
109,1980,ARKANSAS,AR,"REAGAN, RONALD",REP,403164,837582,0.4813
211,1984,ARKANSAS,AR,"REAGAN, RONALD",REP,534774,884406,0.6047
313,1988,ARKANSAS,AR,"BUSH, GEORGE H.W.",REP,466578,827738,0.5637
416,1992,ARKANSAS,AR,"BUSH, GEORGE H.W.",REP,337324,950653,0.3548
518,1996,ARKANSAS,AR,"DOLE, ROBERT",REP,325416,884262,0.368
619,2000,ARKANSAS,AR,"BUSH, GEORGE W.",REP,472940,921781,0.5131
721,2004,ARKANSAS,AR,"BUSH, GEORGE W.",REP,572898,1054945,0.5431
824,2008,ARKANSAS,AR,"MCCAIN, JOHN",REP,638017,1086617,0.5872
926,2012,ARKANSAS,AR,"ROMNEY, MITT",REP,647744,1069468,0.6057
1029,2016,ARKANSAS,AR,"TRUMP, DONALD J.",REP,684872,1130635,0.6057
1134,2020,ARKANSAS,AR,"TRUMP, DONALD J.",REP,760647,1219069,0.624
9,1976,CALIFORNIA,CA,"FORD, GERALD",REP,3882244,7803770,0.4975
111,1980,CALIFORNIA,CA,"REAGAN, RONALD",REP,4522994,8582938,0.527
213,1984,CALIFORNIA,CA,"REAGAN, RONALD",REP,5467009,9505041,0.5752
315,1988,CALIFORNIA,CA,"BUSH, GEORGE H.W.",REP,5054917,9887065,0.5113
418,1992,CALIFORNIA,CA,"BUSH, GEORGE H.W.",REP,3630574,11131721,0.3261
520,1996,CALIFORNIA,CA,"DOLE, ROBERT",REP,3828381,10019469,0.3821
622,2000,CALIFORNIA,CA,"BUSH, GEORGE W.",REP,4567429,10965822,0.4165
724,2004,CALIFORNIA,CA,"BUSH, GEORGE W.",REP,5509826,12421353,0.4436
827,2008,CALIFORNIA,CA,"MCCAIN, JOHN",REP,5011781,13561900,0.3695
929,2012,CALIFORNIA,CA,"ROMNEY, MITT",REP,4839958,13038547,0.3712
1032,2016,CALIFORNIA,CA,"TRUMP, DONALD J.",REP,4483810,14181595,0.3162
1136,2020,CALIFORNIA,CA,"TRUMP, DONALD J.",REP,6006429,17500881,0.3432
11,1976,COLORADO,CO,"FORD, GERALD",REP,584278,1081440,0.5403
113,1980,COLORADO,CO,"REAGAN, RONALD",REP,652264,1184450,0.5507
215,1984,COLORADO,CO,"REAGAN, RONALD",REP,821817,1295380,0.6344
317,1988,COLORADO,CO,"BUSH, GEORGE H.W.",REP,728177,1372394,0.5306
420,1992,COLORADO,CO,"BUSH, GEORGE H.W.",REP,562850,1569180,0.3587
521,1996,COLORADO,CO,"DOLE, ROBERT",REP,691848,1510702,0.458
623,2000,COLORADO,CO,"BUSH, GEORGE W.",REP,883748,1741368,0.5075
725,2004,COLORADO,CO,"BUSH, GEORGE W.",REP,1101255,2129630,0.5171
829,2008,COLORADO,CO,"MCCAIN, JOHN",REP,1073589,2401361,0.4471
931,2012,COLORADO,CO,"ROMNEY, MITT",REP,1185243,2569516,0.4613
1034,2016,COLORADO,CO,"TRUMP, DONALD J.",REP,1202484,2780220,0.4325
1138,2020,COLORADO,CO,"TRUMP, DONALD J.",REP,1364607,3279980,0.416
13,1976,CONNECTICUT,CT,"FORD, GERALD",REP,719261,1386355,0.5188
115,1980,CONNECTICUT,CT,"REAGAN, RONALD",REP,677210,1406285,0.4816
217,1984,CONNECTICUT,CT,"REAGAN, RONALD",REP,890877,1466900,0.6073
319,1988,CONNECTICUT,CT,"BUSH, GEORGE H.W.",REP,750241,1443394,0.5198
422,1992,CONNECTICUT,CT,"BUSH, GEORGE H.W.",REP,578313,1616156,0.3578
524,1996,CONNECTICUT,CT,"DOLE, ROBERT",REP,483109,1392614,0.3469
626,2000,CONNECTICUT,CT,"BUSH, GEORGE W.",REP,561094,1459525,0.3844
728,2004,CONNECTICUT,CT,"BUSH, GEORGE W.",REP,693826,1578769,0.4395
831,2008,CONNECTICUT,CT,"MCCAIN, JOHN",REP,629428,1646792,0.3822
933,2012,CONNECTICUT,CT,"ROMNEY, MITT",REP,634892,1558204,0.4075
1036,2016,CONNECTICUT,CT,"TRUMP, DONALD J.",REP,673215,1644920,0.4093
1140,2020,CONNECTICUT,CT,"TRUMP, DONALD J.",REP,714717,1823857,0.3919
16,1976,DELAWARE,DE,"FORD, GERALD",REP,109780,235642,0.4659
117,1980,DELAWARE,DE,"REAGAN, RONALD",REP,111252,235668,0.4721
219,1984,DELAWARE,DE,"REAGAN, RONALD",REP,152190,254572,0.5978
321,1988,DELAWARE,DE,"BUSH, GEORGE H.W.",REP,139639,249891,0.5588
424,1992,DELAWARE,DE,"BUSH, GEORGE H.W.",REP,102313,289620,0.3533
526,1996,DELAWARE,DE,"DOLE, ROBERT",REP,99062,270810,0.3658
628,2000,DELAWARE,DE,"BUSH, GEORGE W.",REP,137288,327529,0.4192
730,2004,DELAWARE,DE,"BUSH, GEORGE W.",REP,171660,375190,0.4575
833,2008,DELAWARE,DE,"MCCAIN, JOHN",REP,152374,412412,0.3695
935,2012,DELAWARE,DE,"ROMNEY, MITT",REP,165484,413890,0.3998
1038,2016,DELAWARE,DE,"TRUMP, DONALD J.",REP,185127,441590,0.4192
1142,2020,DELAWARE,DE,"TRUMP, DONALD J.",REP,200603,504346,0.3977
18,1976,DISTRICT OF COLUMBIA,DC,"FORD, GERALD",REP,27873,168830,0.1651
120,1980,DISTRICT OF COLUMBIA,DC,"REAGAN, RONALD",REP,23313,173889,0.1341
222,1984,DISTRICT OF COLUMBIA,DC,"REAGAN, RONALD",REP,29009,211288,0.1373
324,1988,DISTRICT OF COLUMBIA,DC,"BUSH, GEORGE H.W.",REP,27590,192877,0.143
426,1992,DISTRICT OF COLUMBIA,DC,"BUSH, GEORGE H.W.",REP,20698,227572,0.091
528,1996,DISTRICT OF COLUMBIA,DC,"DOLE, ROBERT",REP,17339,185726,0.0934
630,2000,DISTRICT OF COLUMBIA,DC,"BUSH, GEORGE W.",REP,18073,201894,0.0895
732,2004,DISTRICT OF COLUMBIA,DC,"BUSH, GEORGE W.",REP,21256,227586,0.0934
835,2008,DISTRICT OF COLUMBIA,DC,"MCCAIN, JOHN",REP,17367,265853,0.0653
937,2012,DISTRICT OF COLUMBIA,DC,"ROMNEY, MITT",REP,21381,293764,0.0728
1040,2016,DISTRICT OF COLUMBIA,DC,"TRUMP, DONALD J.",REP,12723,312575,0.0407
1144,2020,DISTRICT OF COLUMBIA,DC,"TRUMP, DONALD J.",REP,18586,344356,0.054
20,1976,FLORIDA,FL,"FORD, GERALD",REP,1469531,3150631,0.4664
121,1980,FLORIDA,FL,"REAGAN, RONALD",REP,2046951,3686927,0.5552
223,1984,FLORIDA,FL,"REAGAN, RONALD",REP,2730350,4180051,0.6532
325,1988,FLORIDA,FL,"BUSH, GEORGE H.W.",REP,2618885,4302313,0.6087
427,1992,FLORIDA,FL,"BUSH, GEORGE H.W.",REP,2173310,5313392,0.409
530,1996,FLORIDA,FL,"DOLE, ROBERT",REP,2244536,5303154,0.4232
631,2000,FLORIDA,FL,"BUSH, GEORGE W.",REP,2912790,5963110,0.4885
733,2004,FLORIDA,FL,"BUSH, GEORGE W.",REP,3964522,7609810,0.521
837,2008,FLORIDA,FL,"MCCAIN, JOHN",REP,4045624,8390744,0.4822
939,2012,FLORIDA,FL,"ROMNEY, MITT",REP,4163447,8474179,0.4913
1041,2016,FLORIDA,FL,"TRUMP, DONALD J.",REP,4617886,9420039,0.4902
1146,2020,FLORIDA,FL,"TRUMP, DONALD J.",REP,5668731,11067456,0.5122
22,1976,GEORGIA,GA,"FORD, GERALD",REP,483743,1463152,0.3306
124,1980,GEORGIA,GA,"REAGAN, RONALD",REP,654168,1596805,0.4097
225,1984,GEORGIA,GA,"REAGAN, RONALD",REP,1068722,1776103,0.6017
327,1988,GEORGIA,GA,"BUSH, GEORGE H.W.",REP,1081331,1809672,0.5975
430,1992,GEORGIA,GA,"BUSH, GEORGE H.W.",REP,995252,2321133,0.4288
531,1996,GEORGIA,GA,"DOLE, ROBERT",REP,1080843,2298899,0.4702
633,2000,GEORGIA,GA,"BUSH, GEORGE W.",REP,1419720,2583208,0.5496
735,2004,GEORGIA,GA,"BUSH, GEORGE W.",REP,1914254,3301875,0.5797
838,2008,GEORGIA,GA,"MCCAIN, JOHN",REP,2048759,3924486,0.522
940,2012,GEORGIA,GA,"ROMNEY, MITT",REP,2078688,3897839,0.5333
1043,2016,GEORGIA,GA,"TRUMP, DONALD J.",REP,2089104,4114732,0.5077
1148,2020,GEORGIA,GA,"TRUMP, DONALD J.",REP,2461854,4999960,0.4924
24,1976,HAWAII,HI,"FORD, GERALD",REP,140003,291301,0.4806
126,1980,HAWAII,HI,"REAGAN, RONALD",REP,130112,303287,0.429
227,1984,HAWAII,HI,"REAGAN, RONALD",REP,185050,335846,0.551
330,1988,HAWAII,HI,"BUSH, GEORGE H.W.",REP,158625,354461,0.4475
432,1992,HAWAII,HI,"BUSH, GEORGE H.W.",REP,136822,372842,0.367
534,1996,HAWAII,HI,"DOLE, ROBERT",REP,113943,360120,0.3164
636,2000,HAWAII,HI,"BUSH, GEORGE W.",REP,137845,367951,0.3746
738,2004,HAWAII,HI,"BUSH, GEORGE W.",REP,194191,429013,0.4526
841,2008,HAWAII,HI,"MCCAIN, JOHN",REP,120566,456064,0.2644
943,2012,HAWAII,HI,"ROMNEY, MITT",REP,121015,437159,0.2768
1046,2016,HAWAII,HI,"TRUMP, DONALD J.",REP,128847,437664,0.2944
1150,2020,HAWAII,HI,"TRUMP, DONALD J.",REP,196864,579784,0.3395
25,1976,IDAHO,ID,"FORD, GERALD",REP,204151,340932,0.5988
127,1980,IDAHO,ID,"REAGAN, RONALD",REP,290699,437431,0.6646
229,1984,IDAHO,ID,"REAGAN, RONALD",REP,297523,411144,0.7236
331,1988,IDAHO,ID,"BUSH, GEORGE H.W.",REP,253881,408968,0.6208
433,1992,IDAHO,ID,"BUSH, GEORGE H.W.",REP,202645,482114,0.4203
535,1996,IDAHO,ID,"DOLE, ROBERT",REP,256595,491711,0.5218
637,2000,IDAHO,ID,"BUSH, GEORGE W.",REP,336937,501615,0.6717
739,2004,IDAHO,ID,"BUSH, GEORGE W.",REP,409235,598376,0.6839
842,2008,IDAHO,ID,"MCCAIN, JOHN",REP,403012,655122,0.6152
944,2012,IDAHO,ID,"ROMNEY, MITT",REP,420911,652274,0.6453
1047,2016,IDAHO,ID,"TRUMP, DONALD J.",REP,409055,690255,0.5926
1152,2020,IDAHO,ID,"TRUMP, DONALD J.",REP,554119,868014,0.6384
27,1976,ILLINOIS,IL,"FORD, GERALD",REP,2364269,4721282,0.5008
129,1980,ILLINOIS,IL,"REAGAN, RONALD",REP,2358049,4749721,0.4965
231,1984,ILLINOIS,IL,"REAGAN, RONALD",REP,2707103,4819088,0.5617
333,1988,ILLINOIS,IL,"BUSH, GEORGE H.W.",REP,2310939,4559120,0.5069
436,1992,ILLINOIS,IL,"BUSH, GEORGE H.W.",REP,1734096,5050157,0.3434
538,1996,ILLINOIS,IL,"DOLE, ROBERT",REP,1587021,4311391,0.3681
640,2000,ILLINOIS,IL,"BUSH, GEORGE W.",REP,2019421,4742108,0.4258
742,2004,ILLINOIS,IL,"BUSH, GEORGE W.",REP,2345946,5274322,0.4448
845,2008,ILLINOIS,IL,"MCCAIN, JOHN",REP,2031179,5522371,0.3678
947,2012,ILLINOIS,IL,"ROMNEY, MITT",REP,2135216,5242014,0.4073
1050,2016,ILLINOIS,IL,"TRUMP, DONALD J.",REP,2146015,5536424,0.3876
1154,2020,ILLINOIS,IL,"TRUMP, DONALD J.",REP,2446891,6033743,0.4055
29,1976,INDIANA,IN,"FORD, GERALD",REP,1183958,2220362,0.5332
131,1980,INDIANA,IN,"REAGAN, RONALD",REP,1255656,2242033,0.5601
233,1984,INDIANA,IN,"REAGAN, RONALD",REP,1377230,2233069,0.6167
335,1988,INDIANA,IN,"BUSH, GEORGE H.W.",REP,1297763,2168621,0.5984
437,1992,INDIANA,IN,"BUSH, GEORGE H.W.",REP,989375,2305871,0.4291
539,1996,INDIANA,IN,"DOLE, ROBERT",REP,1006693,2135431,0.4714
641,2000,INDIANA,IN,"BUSH, GEORGE W.",REP,1245836,2199302,0.5665
743,2004,INDIANA,IN,"BUSH, GEORGE W.",REP,1479438,2468002,0.5994
847,2008,INDIANA,IN,"MCCAIN, JOHN",REP,1345648,2751054,0.4891
948,2012,INDIANA,IN,"ROMNEY, MITT",REP,1420543,2624534,0.5413
1051,2016,INDIANA,IN,"TRUMP, DONALD J.",REP,1557286,2734958,0.5694
1156,2020,INDIANA,IN,"TRUMP, DONALD J.",REP,1729519,3033118,0.5702
31,1976,IOWA,IA,"FORD, GERALD",REP,632864,1279303,0.4947
133,1980,IOWA,IA,"REAGAN, RONALD",REP,676026,1317661,0.5131
235,1984,IOWA,IA,"REAGAN, RONALD",REP,703088,1319805,0.5327
338,1988,IOWA,IA,"BUSH, GEORGE H.W.",REP,545355,1225614,0.445
440,1992,IOWA,IA,"BUSH, GEORGE H.W.",REP,504891,1354607,0.3727
542,1996,IOWA,IA,"DOLE, ROBERT",REP,492644,1234075,0.3992
644,2000,IOWA,IA,"BUSH, GEORGE W.",REP,634373,1353022,0.4689
745,2004,IOWA,IA,"BUSH, GEORGE W.",REP,751957,1506908,0.499
849,2008,IOWA,IA,"MCCAIN, JOHN",REP,682379,1537123,0.4439
951,2012,IOWA,IA,"ROMNEY, MITT",REP,730617,1582180,0.4618
1053,2016,IOWA,IA,"TRUMP, DONALD J.",REP,800983,1565580,0.5116
1157,2020,IOWA,IA,"TRUMP, DONALD J.",REP,897672,1700130,0.528
33,1976,KANSAS,KS,"FORD, GERALD",REP,502752,957845,0.5249
135,1980,KANSAS,KS,"REAGAN, RONALD",REP,566812,979795,0.5785
237,1984,KANSAS,KS,"REAGAN, RONALD",REP,677296,1021991,0.6627
339,1988,KANSAS,KS,"BUSH, GEORGE H.W.",REP,554049,993044,0.5579
441,1992,KANSAS,KS,"BUSH, GEORGE H.W.",REP,449951,1157236,0.3888
543,1996,KANSAS,KS,"DOLE, ROBERT",REP,583245,1074300,0.5429
645,2000,KANSAS,KS,"BUSH, GEORGE W.",REP,622332,1072216,0.5804
747,2004,KANSAS,KS,"BUSH, GEORGE W.",REP,736456,1187756,0.62
850,2008,KANSAS,KS,"MCCAIN, JOHN",REP,699655,1235872,0.5661
952,2012,KANSAS,KS,"ROMNEY, MITT",REP,692634,1159971,0.5971
1055,2016,KANSAS,KS,"TRUMP, DONALD J.",REP,671018,1184402,0.5665
1159,2020,KANSAS,KS,"TRUMP, DONALD J.",REP,771406,1372303,0.5621
36,1976,KENTUCKY,KY,"FORD, GERALD",REP,531852,1167142,0.4557
137,1980,KENTUCKY,KY,"REAGAN, RONALD",REP,635274,1295627,0.4903
239,1984,KENTUCKY,KY,"REAGAN, RONALD",REP,821702,1369345,0.6001
341,1988,KENTUCKY,KY,"BUSH, GEORGE H.W.",REP,734281,1322517,0.5552
444,1992,KENTUCKY,KY,"BUSH, GEORGE H.W.",REP,617178,1492900,0.4134
546,1996,KENTUCKY,KY,"DOLE, ROBERT",REP,623283,1388708,0.4488
647,2000,KENTUCKY,KY,"BUSH, GEORGE W.",REP,872520,1544106,0.5651
749,2004,KENTUCKY,KY,"BUSH, GEORGE W.",REP,1069439,1795882,0.5955
852,2008,KENTUCKY,KY,"MCCAIN, JOHN",REP,1048462,1826620,0.574
954,2012,KENTUCKY,KY,"ROMNEY, MITT",REP,1087190,1797212,0.6049
1057,2016,KENTUCKY,KY,"TRUMP, DONALD J.",REP,1202971,1924149,0.6252
1161,2020,KENTUCKY,KY,"TRUMP, DONALD J.",REP,1326646,2136768,0.6209
38,1976,LOUISIANA,LA,"FORD, GERALD",REP,587446,1277383,0.4599
139,1980,LOUISIANA,LA,"REAGAN, RONALD",REP,792853,1548591,0.512
241,1984,LOUISIANA,LA,"REAGAN, RONALD",REP,1037299,1706822,0.6077
343,1988,LOUISIANA,LA,"BUSH, GEORGE H.W.",REP,883702,1628202,0.5427
446,1992,LOUISIANA,LA,"BUSH, GEORGE H.W.",REP,733386,1790017,0.4097
548,1996,LOUISIANA,LA,"DOLE, ROBERT",REP,712586,1783959,0.3994
649,2000,LOUISIANA,LA,"BUSH, GEORGE W.",REP,927871,1765656,0.5255
751,2004,LOUISIANA,LA,"BUSH, GEORGE W.",REP,1102169,1943106,0.5672
854,2008,LOUISIANA,LA,"MCCAIN, JOHN",REP,1148275,1960761,0.5856
956,2012,LOUISIANA,LA,"ROMNEY, MITT",REP,1152262,1994065,0.5778
1059,2016,LOUISIANA,LA,"TRUMP, DONALD J.",REP,1178638,2029032,0.5809
1164,2020,LOUISIANA,LA,"TRUMP, DONALD J.",REP,1255776,2148062,0.5846
39,1976,MAINE,ME,"FORD, GERALD",REP,236320,482968,0.4893
141,1980,MAINE,ME,"REAGAN, RONALD",REP,238522,523011,0.4561
243,1984,MAINE,ME,"REAGAN, RONALD",REP,336500,553144,0.6083
345,1988,MAINE,ME,"BUSH, GEORGE H.W.",REP,307131,555035,0.5534
448,1992,MAINE,ME,"BUSH, GEORGE H.W.",REP,206504,679499,0.3039
550,1996,MAINE,ME,"DOLE, ROBERT",REP,186378,605897,0.3076
652,2000,MAINE,ME,"BUSH, GEORGE W.",REP,286616,651817,0.4397
754,2004,MAINE,ME,"BUSH, GEORGE W.",REP,330201,740752,0.4458
857,2008,MAINE,ME,"MCCAIN, JOHN",REP,295273,731163,0.4038
959,2012,MAINE,ME,"ROMNEY, MITT",REP,292276,724758,0.4033
1062,2016,MAINE,ME,"TRUMP, DONALD J.",REP,335593,771892,0.4348
1166,2020,MAINE,ME,"TRUMP, DONALD J.",REP,360737,828305,0.4355
42,1976,MARYLAND,MD,"FORD, GERALD",REP,672661,1432273,0.4696
144,1980,MARYLAND,MD,"REAGAN, RONALD",REP,680606,1540496,0.4418
245,1984,MARYLAND,MD,"REAGAN, RONALD",REP,879918,1675873,0.5251
347,1988,MARYLAND,MD,"BUSH, GEORGE H.W.",REP,876167,1714358,0.5111
450,1992,MARYLAND,MD,"BUSH, GEORGE H.W.",REP,707094,1984580,0.3563
552,1996,MARYLAND,MD,"DOLE, ROBERT",REP,681530,1780870,0.3827
654,2000,MARYLAND,MD,"BUSH, GEORGE W.",REP,813827,2025212,0.4018
756,2004,MARYLAND,MD,"BUSH, GEORGE W.",REP,1024703,2384238,0.4298
859,2008,MARYLAND,MD,"MCCAIN, JOHN",REP,959862,2631596,0.3647
961,2012,MARYLAND,MD,"ROMNEY, MITT",REP,971869,2707327,0.359
1064,2016,MARYLAND,MD,"TRUMP, DONALD J.",REP,943169,2781446,0.3391
1167,2020,MARYLAND,MD,"TRUMP, DONALD J.",REP,976414,3037030,0.3215
44,1976,MASSACHUSETTS,MA,"FORD, GERALD",REP,1030276,2547558,0.4044
145,1980,MASSACHUSETTS,MA,"REAGAN, RONALD",REP,1057631,2524090,0.419
247,1984,MASSACHUSETTS,MA,"REAGAN, RONALD",REP,1310936,2559383,0.5122
350,1988,MASSACHUSETTS,MA,"BUSH, GEORGE H.W.",REP,1194635,2632801,0.4538
452,1992,MASSACHUSETTS,MA,"BUSH, GEORGE H.W.",REP,805039,2773664,0.2902
554,1996,MASSACHUSETTS,MA,"DOLE, ROBERT",REP,718058,2556459,0.2809
656,2000,MASSACHUSETTS,MA,"BUSH, GEORGE W.",REP,878502,2733964,0.3213
759,2004,MASSACHUSETTS,MA,"BUSH, GEORGE W.",REP,1071109,2927455,0.3659
861,2008,MASSACHUSETTS,MA,"MCCAIN, JOHN",REP,1108854,3102995,0.3573
963,2012,MASSACHUSETTS,MA,"ROMNEY, MITT",REP,1188314,3184196,0.3732
1068,2016,MASSACHUSETTS,MA,"TRUMP, DONALD J.",REP,1090893,3378821,0.3229
1170,2020,MASSACHUSETTS,MA,"TRUMP, DONALD J.",REP,1167202,3658005,0.3191
45,1976,MICHIGAN,MI,"FORD, GERALD",REP,1893742,3651590,0.5186
147,1980,MICHIGAN,MI,"REAGAN, RONALD",REP,1915225,3909725,0.4899
249,1984,MICHIGAN,MI,"REAGAN, RONALD",REP,2251571,3801658,0.5923
351,1988,MICHIGAN,MI,"BUSH, GEORGE H.W.",REP,1965486,3669163,0.5357
454,1992,MICHIGAN,MI,"BUSH, GEORGE H.W.",REP,1554940,4274673,0.3638
556,1996,MICHIGAN,MI,"DOLE, ROBERT",REP,1481212,3848844,0.3848
658,2000,MICHIGAN,MI,"BUSH, GEORGE W.",REP,1953139,4232501,0.4615
761,2004,MICHIGAN,MI,"BUSH, GEORGE W.",REP,2313746,4839252,0.4781
863,2008,MICHIGAN,MI,"MCCAIN, JOHN",REP,2048639,5001596,0.4096
965,2012,MICHIGAN,MI,"ROMNEY, MITT",REP,2115256,4730961,0.4471
1069,2016,MICHIGAN,MI,"TRUMP, DONALD J.",REP,2279543,4799284,0.475
1172,2020,MICHIGAN,MI,"TRUMP, DONALD J.",REP,2649852,5539302,0.4784
48,1976,MINNESOTA,MN,"FORD, GERALD",REP,819395,1949931,0.4202
150,1980,MINNESOTA,MN,"REAGAN, RONALD",REP,873268,2051916,0.4256
252,1984,MINNESOTA,MN,"REAGAN, RONALD",REP,1032603,2084449,0.4954
354,1988,MINNESOTA,MN,"BUSH, GEORGE H.W.",REP,962337,2096790,0.459
456,1992,MINNESOTA,MN,"BUSH, GEORGE H.W.",REP,747841,2347948,0.3185
558,1996,MINNESOTA,MN,"DOLE, ROBERT",REP,766395,2192492,0.3496
660,2000,MINNESOTA,MN,"BUSH, GEORGE W.",REP,1109659,2438685,0.455
763,2004,MINNESOTA,MN,"BUSH, GEORGE W.",REP,1346695,2828387,0.4761
865,2008,MINNESOTA,MN,"MCCAIN, JOHN",REP,1275409,2910369,0.4382
967,2012,MINNESOTA,MN,"ROMNEY, MITT",REP,1320225,2936561,0.4496
1072,2016,MINNESOTA,MN,"TRUMP, DONALD J.",REP,1322949,2944782,0.4493
1173,2020,MINNESOTA,MN,"TRUMP, DONALD J.",REP,1484065,3277171,0.4528
50,1976,MISSISSIPPI,MS,"FORD, GERALD",REP,366846,768390,0.4774
151,1980,MISSISSIPPI,MS,"REAGAN, RONALD",REP,441089,891750,0.4946
253,1984,MISSISSIPPI,MS,"REAGAN, RONALD",REP,582377,941104,0.6188
355,1988,MISSISSIPPI,MS,"BUSH, GEORGE H.W.",REP,557890,931527,0.5989
457,1992,MISSISSIPPI,MS,"BUSH, GEORGE H.W.",REP,487793,981793,0.4968
559,1996,MISSISSIPPI,MS,"DOLE, ROBERT",REP,439838,893857,0.4921
661,2000,MISSISSIPPI,MS,"BUSH, GEORGE W.",REP,572844,994184,0.5762
764,2004,MISSISSIPPI,MS,"BUSH, GEORGE W.",REP,672660,1139824,0.5901
866,2008,MISSISSIPPI,MS,"MCCAIN, JOHN",REP,724597,1289865,0.5618
968,2012,MISSISSIPPI,MS,"ROMNEY, MITT",REP,710746,1285584,0.5529
1073,2016,MISSISSIPPI,MS,"TRUMP, DONALD J.",REP,700714,1209357,0.5794
1176,2020,MISSISSIPPI,MS,"TRUMP, DONALD J.",REP,756764,1313759,0.576
52,1976,MISSOURI,MO,"FORD, GERALD",REP,927443,1953600,0.4747
153,1980,MISSOURI,MO,"REAGAN, RONALD",REP,1074181,2099824,0.5116
255,1984,MISSOURI,MO,"REAGAN, RONALD",REP,1274188,2122771,0.6002
357,1988,MISSOURI,MO,"BUSH, GEORGE H.W.",REP,1084953,2093228,0.5183
460,1992,MISSOURI,MO,"BUSH, GEORGE H.W.",REP,811159,2391270,0.3392
562,1996,MISSOURI,MO,"DOLE, ROBERT",REP,890016,2158065,0.4124
663,2000,MISSOURI,MO,"BUSH, GEORGE W.",REP,1189924,2359892,0.5042
766,2004,MISSOURI,MO,"BUSH, GEORGE W.",REP,1455713,2731364,0.533
868,2008,MISSOURI,MO,"MCCAIN, JOHN",REP,1445814,2925205,0.4943
970,2012,MISSOURI,MO,"ROMNEY, MITT",REP,1482440,2757323,0.5376
1075,2016,MISSOURI,MO,"TRUMP, DONALD J.",REP,1594511,2808605,0.5677
1177,2020,MISSOURI,MO,"TRUMP, DONALD J.",REP,1718736,3025962,0.568
53,1976,MONTANA,MT,"FORD, GERALD",REP,173703,328734,0.5284
155,1980,MONTANA,MT,"REAGAN, RONALD",REP,206814,363952,0.5682
257,1984,MONTANA,MT,"REAGAN, RONALD",REP,232450,384377,0.6047
359,1988,MONTANA,MT,"BUSH, GEORGE H.W.",REP,190412,365674,0.5207
462,1992,MONTANA,MT,"BUSH, GEORGE H.W.",REP,144207,410583,0.3512
563,1996,MONTANA,MT,"DOLE, ROBERT",REP,179652,407083,0.4413
665,2000,MONTANA,MT,"BUSH, GEORGE W.",REP,240178,410986,0.5844
768,2004,MONTANA,MT,"BUSH, GEORGE W.",REP,266063,450434,0.5907
870,2008,MONTANA,MT,"MCCAIN, JOHN",REP,242763,490109,0.4953
972,2012,MONTANA,MT,"ROMNEY, MITT",REP,267928,484048,0.5535
1077,2016,MONTANA,MT,"TRUMP, DONALD J.",REP,279240,494526,0.5647
1179,2020,MONTANA,MT,"TRUMP, DONALD J.",REP,343602,603674,0.5692
55,1976,NEBRASKA,NE,"FORD, GERALD",REP,359219,606749,0.592
157,1980,NEBRASKA,NE,"REAGAN, RONALD",REP,419214,639533,0.6555
259,1984,NEBRASKA,NE,"REAGAN, RONALD",REP,460054,652090,0.7055
361,1988,NEBRASKA,NE,"BUSH, GEORGE H.W.",REP,397956,661465,0.6016
463,1992,NEBRASKA,NE,"BUSH, GEORGE H.W.",REP,343678,737546,0.466
565,1996,NEBRASKA,NE,"DOLE, ROBERT",REP,363467,677415,0.5365
667,2000,NEBRASKA,NE,"BUSH, GEORGE W.",REP,433862,697019,0.6225
770,2004,NEBRASKA,NE,"BUSH, GEORGE W.",REP,512814,778186,0.659
872,2008,NEBRASKA,NE,"MCCAIN, JOHN",REP,452979,801281,0.5653
974,2012,NEBRASKA,NE,"ROMNEY, MITT",REP,475064,794379,0.598
1079,2016,NEBRASKA,NE,"TRUMP, DONALD J.",REP,495961,844227,0.5875
1181,2020,NEBRASKA,NE,"TRUMP, DONALD J.",REP,556846,956383,0.5822
57,1976,NEVADA,NV,"FORD, GERALD",REP,101273,201876,0.5017
159,1980,NEVADA,NV,"REAGAN, RONALD",REP,155017,243692,0.6361
261,1984,NEVADA,NV,"REAGAN, RONALD",REP,188770,282717,0.6677
363,1988,NEVADA,NV,"BUSH, GEORGE H.W.",REP,206040,343133,0.6005
466,1992,NEVADA,NV,"BUSH, GEORGE H.W.",REP,175828,506318,0.3473
568,1996,NEVADA,NV,"DOLE, ROBERT",REP,199244,464279,0.4291
669,2000,NEVADA,NV,"BUSH, GEORGE W.",REP,301575,609426,0.4949
772,2004,NEVADA,NV,"BUSH, GEORGE W.",REP,418690,829587,0.5047
875,2008,NEVADA,NV,"MCCAIN, JOHN",REP,412827,967848,0.4265
977,2012,NEVADA,NV,"ROMNEY, MITT",REP,463567,1014918,0.4568
1082,2016,NEVADA,NV,"TRUMP, DONALD J.",REP,512058,1125385,0.455
1183,2020,NEVADA,NV,"TRUMP, DONALD J.",REP,669890,1405376,0.4767
59,1976,NEW HAMPSHIRE,NH,"FORD, GERALD",REP,185935,339627,0.5475
161,1980,NEW HAMPSHIRE,NH,"REAGAN, RONALD",REP,221705,383990,0.5774
263,1984,NEW HAMPSHIRE,NH,"REAGAN, RONALD",REP,267050,388904,0.6867
365,1988,NEW HAMPSHIRE,NH,"BUSH, GEORGE H.W.",REP,281537,450525,0.6249
468,1992,NEW HAMPSHIRE,NH,"BUSH, GEORGE H.W.",REP,202484,537215,0.3769
570,1996,NEW HAMPSHIRE,NH,"DOLE, ROBERT",REP,196486,496597,0.3957
671,2000,NEW HAMPSHIRE,NH,"BUSH, GEORGE W.",REP,273559,569081,0.4807
775,2004,NEW HAMPSHIRE,NH,"BUSH, GEORGE W.",REP,331237,678287,0.4883
877,2008,NEW HAMPSHIRE,NH,"MCCAIN, JOHN",REP,316534,710970,0.4452
979,2012,NEW HAMPSHIRE,NH,"ROMNEY, MITT",REP,329918,710972,0.464
1084,2016,NEW HAMPSHIRE,NH,"TRUMP, DONALD J.",REP,345790,744296,0.4646
1185,2020,NEW HAMPSHIRE,NH,"TRUMP, DONALD J.",REP,365654,806182,0.4536
61,1976,NEW JERSEY,NJ,"FORD, GERALD",REP,1509688,3014472,0.5008
163,1980,NEW JERSEY,NJ,"REAGAN, RONALD",REP,1546557,2975684,0.5197
265,1984,NEW JERSEY,NJ,"REAGAN, RONALD",REP,1933630,3217862,0.6009
367,1988,NEW JERSEY,NJ,"BUSH, GEORGE H.W.",REP,1743192,3099553,0.5624
470,1992,NEW JERSEY,NJ,"BUSH, GEORGE H.W.",REP,1356865,3343594,0.4058
572,1996,NEW JERSEY,NJ,"DOLE, ROBERT",REP,1103099,3075860,0.3586
674,2000,NEW JERSEY,NJ,"BUSH, GEORGE W.",REP,1284173,3187226,0.4029
777,2004,NEW JERSEY,NJ,"BUSH, GEORGE W.",REP,1670003,3611691,0.4624
879,2008,NEW JERSEY,NJ,"MCCAIN, JOHN",REP,1613207,3868237,0.417
981,2012,NEW JERSEY,NJ,"ROMNEY, MITT",REP,1478088,3638499,0.4062
1086,2016,NEW JERSEY,NJ,"TRUMP, DONALD J.",REP,1601933,3874046,0.4135
1187,2020,NEW JERSEY,NJ,"TRUMP, DONALD J.",REP,1883274,4549353,0.414
63,1976,NEW MEXICO,NM,"FORD, GERALD",REP,211419,416590,0.5075
165,1980,NEW MEXICO,NM,"REAGAN, RONALD",REP,250779,456237,0.5497
267,1984,NEW MEXICO,NM,"REAGAN, RONALD",REP,307101,514370,0.597
369,1988,NEW MEXICO,NM,"BUSH, GEORGE H.W.",REP,270341,521387,0.5185
472,1992,NEW MEXICO,NM,"BUSH, GEORGE H.W.",REP,212824,569986,0.3734
574,1996,NEW MEXICO,NM,"DOLE, ROBERT",REP,232751,556074,0.4186
676,2000,NEW MEXICO,NM,"BUSH, GEORGE W.",REP,286417,598605,0.4785
778,2004,NEW MEXICO,NM,"BUSH, GEORGE W.",REP,376930,756304,0.4984
881,2008,NEW MEXICO,NM,"MCCAIN, JOHN",REP,346832,830158,0.4178
983,2012,NEW MEXICO,NM,"ROMNEY, MITT",REP,335788,783758,0.4284
1088,2016,NEW MEXICO,NM,"TRUMP, DONALD J.",REP,319667,798319,0.4004
1190,2020,NEW MEXICO,NM,"TRUMP, DONALD J.",REP,401894,923965,0.435
66,1976,NEW YORK,NY,"FORD, GERALD",REP,2825913,6668262,0.4238
168,1980,NEW YORK,NY,"REAGAN, RONALD",REP,2637700,6201959,0.4253
269,1984,NEW YORK,NY,"REAGAN, RONALD",REP,3376519,6806810,0.4961
372,1988,NEW YORK,NY,"BUSH, GEORGE H.W.",REP,2838414,6485683,0.4376
474,1992,NEW YORK,NY,"BUSH, GEORGE H.W.",REP,2041690,7079432,0.2884
576,1996,NEW YORK,NY,"DOLE, ROBERT",REP,1738707,6439129,0.27
678,2000,NEW YORK,NY,"BUSH, GEORGE W.",REP,2258577,6960215,0.3245
781,2004,NEW YORK,NY,"BUSH, GEORGE W.",REP,2806993,7448266,0.3769
883,2008,NEW YORK,NY,"MCCAIN, JOHN",REP,2418323,7722019,0.3132
985,2012,NEW YORK,NY,"ROMNEY, MITT",REP,2223397,7116784,0.3124
1090,2016,NEW YORK,NY,"TRUMP, DONALD J.",REP,2527142,7802084,0.3239
1192,2020,NEW YORK,NY,"TRUMP, DONALD J.",REP,3244798,8661735,0.3746
68,1976,NORTH CAROLINA,NC,"FORD, GERALD",REP,741960,1677906,0.4422
169,1980,NORTH CAROLINA,NC,"REAGAN, RONALD",REP,915018,1855833,0.493
271,1984,NORTH CAROLINA,NC,"REAGAN, RONALD",REP,1346481,2175361,0.619
373,1988,NORTH CAROLINA,NC,"BUSH, GEORGE H.W.",REP,1237258,2134370,0.5797
475,1992,NORTH CAROLINA,NC,"BUSH, GEORGE H.W.",REP,1134661,2611850,0.4344
577,1996,NORTH CAROLINA,NC,"DOLE, ROBERT",REP,1225938,2515807,0.4873
679,2000,NORTH CAROLINA,NC,"BUSH, GEORGE W.",REP,1631163,2914990,0.5596
782,2004,NORTH CAROLINA,NC,"BUSH, GEORGE W.",REP,1961166,3501007,0.5602
885,2008,NORTH CAROLINA,NC,"MCCAIN, JOHN",REP,2128474,4310851,0.4937
986,2012,NORTH CAROLINA,NC,"ROMNEY, MITT",REP,2270395,4505372,0.5039
1091,2016,NORTH CAROLINA,NC,"TRUMP, DONALD J.",REP,2362631,4741564,0.4983
1193,2020,NORTH CAROLINA,NC,"TRUMP, DONALD J.",REP,2758773,5524802,0.4993
69,1976,NORTH DAKOTA,ND,"FORD, GERALD",REP,153684,297308,0.5169
171,1980,NORTH DAKOTA,ND,"REAGAN, RONALD",REP,193695,301116,0.6433
273,1984,NORTH DAKOTA,ND,"REAGAN, RONALD",REP,200336,308971,0.6484
375,1988,NORTH DAKOTA,ND,"BUSH, GEORGE H.W.",REP,166559,297261,0.5603
477,1992,NORTH DAKOTA,ND,"BUSH, GEORGE H.W.",REP,136244,308133,0.4422
579,1996,NORTH DAKOTA,ND,"DOLE, ROBERT",REP,125050,266411,0.4694
681,2000,NORTH DAKOTA,ND,"BUSH, GEORGE W.",REP,174852,288256,0.6066
784,2004,NORTH DAKOTA,ND,"BUSH, GEORGE W.",REP,196651,312833,0.6286
886,2008,NORTH DAKOTA,ND,"MCCAIN, JOHN",REP,168601,316621,0.5325
988,2012,NORTH DAKOTA,ND,"ROMNEY, MITT",REP,188320,322932,0.5832
1093,2016,NORTH DAKOTA,ND,"TRUMP, DONALD J.",REP,216794,344360,0.6296
1195,2020,NORTH DAKOTA,ND,"TRUMP, DONALD J.",REP,235595,361819,0.6511
72,1976,OHIO,OH,"FORD, GERALD",REP,2000626,4110456,0.4867
173,1980,OHIO,OH,"REAGAN, RONALD",REP,2206545,4283603,0.5151
275,1984,OHIO,OH,"REAGAN, RONALD",REP,2678559,4563235,0.587
377,1988,OHIO,OH,"BUSH, GEORGE H.W.",REP,2416549,4393585,0.55
480,1992,OHIO,OH,"BUSH, GEORGE H.W.",REP,1894310,4939967,0.3835
582,1996,OHIO,OH,"DOLE, ROBERT",REP,1859883,4534434,0.4102
683,2000,OHIO,OH,"BUSH, GEORGE W.",REP,2350363,4701998,0.4999
786,2004,OHIO,OH,"BUSH, GEORGE W.",REP,2859764,5627903,0.5081
889,2008,OHIO,OH,"MCCAIN, JOHN",REP,2677820,5708350,0.4691
991,2012,OHIO,OH,"ROMNEY, MITT",REP,2661407,5580822,0.4769
1095,2016,OHIO,OH,"TRUMP, DONALD J.",REP,2841005,5496487,0.5169
1197,2020,OHIO,OH,"TRUMP, DONALD J.",REP,3154834,5922202,0.5327
73,1976,OKLAHOMA,OK,"FORD, GERALD",REP,545708,1092251,0.4996
175,1980,OKLAHOMA,OK,"REAGAN, RONALD",REP,695570,1149708,0.605
277,1984,OKLAHOMA,OK,"REAGAN, RONALD",REP,861530,1255676,0.6861
379,1988,OKLAHOMA,OK,"BUSH, GEORGE H.W.",REP,678367,1171036,0.5793
481,1992,OKLAHOMA,OK,"BUSH, GEORGE H.W.",REP,592929,1390359,0.4265
583,1996,OKLAHOMA,OK,"DOLE, ROBERT",REP,582315,1206713,0.4826
685,2000,OKLAHOMA,OK,"BUSH, GEORGE W.",REP,744337,1234229,0.6031
788,2004,OKLAHOMA,OK,"BUSH, GEORGE W.",REP,959792,1463758,0.6557
890,2008,OKLAHOMA,OK,"MCCAIN, JOHN",REP,960165,1462661,0.6565
992,2012,OKLAHOMA,OK,"ROMNEY, MITT",REP,891325,1334872,0.6677
1097,2016,OKLAHOMA,OK,"TRUMP, DONALD J.",REP,949136,1452992,0.6532
1199,2020,OKLAHOMA,OK,"TRUMP, DONALD J.",REP,1020280,1560699,0.6537
75,1976,OREGON,OR,"FORD, GERALD",REP,492120,1029876,0.4778
177,1980,OREGON,OR,"REAGAN, RONALD",REP,571044,1181516,0.4833
279,1984,OREGON,OR,"REAGAN, RONALD",REP,685700,1226527,0.5591
382,1988,OREGON,OR,"BUSH, GEORGE H.W.",REP,560126,1201694,0.4661
484,1992,OREGON,OR,"BUSH, GEORGE H.W.",REP,475757,1462643,0.3253
586,1996,OREGON,OR,"DOLE, ROBERT",REP,538152,1377760,0.3906
688,2000,OREGON,OR,"BUSH, GEORGE W.",REP,713577,1533950,0.4652
791,2004,OREGON,OR,"BUSH, GEORGE W.",REP,866831,1836782,0.4719
893,2008,OREGON,OR,"MCCAIN, JOHN",REP,738475,1827864,0.404
995,2012,OREGON,OR,"ROMNEY, MITT",REP,754175,1789270,0.4215
1100,2016,OREGON,OR,"TRUMP, DONALD J.",REP,782403,2001336,0.3909
1201,2020,OREGON,OR,"TRUMP, DONALD J.",REP,958448,2374321,0.4037
78,1976,PENNSYLVANIA,PA,"FORD, GERALD",REP,2205604,4620787,0.4773
179,1980,PENNSYLVANIA,PA,"REAGAN, RONALD",REP,2261872,4561501,0.4959
281,1984,PENNSYLVANIA,PA,"REAGAN, RONALD",REP,2584323,4844903,0.5334
383,1988,PENNSYLVANIA,PA,"BUSH, GEORGE H.W.",REP,2300087,4536251,0.507
486,1992,PENNSYLVANIA,PA,"BUSH, GEORGE H.W.",REP,1791841,4959810,0.3613
588,1996,PENNSYLVANIA,PA,"DOLE, ROBERT",REP,1801169,4501307,0.4001
690,2000,PENNSYLVANIA,PA,"BUSH, GEORGE W.",REP,2281127,4912185,0.4644
793,2004,PENNSYLVANIA,PA,"BUSH, GEORGE W.",REP,2793847,5769590,0.4842
895,2008,PENNSYLVANIA,PA,"MCCAIN, JOHN",REP,2655885,6013272,0.4417
997,2012,PENNSYLVANIA,PA,"ROMNEY, MITT",REP,2680434,5742040,0.4668
1101,2016,PENNSYLVANIA,PA,"TRUMP, DONALD J.",REP,2970733,6115402,0.4858
1203,2020,PENNSYLVANIA,PA,"TRUMP, DONALD J.",REP,3377674,6915283,0.4884
80,1976,RHODE ISLAND,RI,"FORD, GERALD",REP,181249,410584,0.4414
182,1980,RHODE ISLAND,RI,"REAGAN, RONALD",REP,154793,415967,0.3721
283,1984,RHODE ISLAND,RI,"REAGAN, RONALD",REP,212080,410489,0.5167
386,1988,RHODE ISLAND,RI,"BUSH, GEORGE H.W.",REP,177761,404622,0.4393
488,1992,RHODE ISLAND,RI,"BUSH, GEORGE H.W.",REP,131601,453365,0.2903
590,1996,RHODE ISLAND,RI,"DOLE, ROBERT",REP,104683,390247,0.2682
692,2000,RHODE ISLAND,RI,"BUSH, GEORGE W.",REP,130555,409112,0.3191
795,2004,RHODE ISLAND,RI,"BUSH, GEORGE W.",REP,169046,437134,0.3867
897,2008,RHODE ISLAND,RI,"MCCAIN, JOHN",REP,165391,471766,0.3506
999,2012,RHODE ISLAND,RI,"ROMNEY, MITT",REP,157204,446049,0.3524
1104,2016,RHODE ISLAND,RI,"TRUMP, DONALD J.",REP,180543,464144,0.389
1206,2020,RHODE ISLAND,RI,"TRUMP, DONALD J.",REP,199922,516990,0.3867
82,1976,SOUTH CAROLINA,SC,"FORD, GERALD",REP,346149,802583,0.4313
183,1980,SOUTH CAROLINA,SC,"REAGAN, RONALD",REP,439277,888258,0.4945
285,1984,SOUTH CAROLINA,SC,"REAGAN, RONALD",REP,615539,968529,0.6355
387,1988,SOUTH CAROLINA,SC,"BUSH, GEORGE H.W.",REP,606443,986009,0.615
489,1992,SOUTH CAROLINA,SC,"BUSH, GEORGE H.W.",REP,577507,1228912,0.4699
591,1996,SOUTH CAROLINA,SC,"DOLE, ROBERT",REP,573339,1150182,0.4985
693,2000,SOUTH CAROLINA,SC,"BUSH, GEORGE W.",REP,786892,1383902,0.5686
796,2004,SOUTH CAROLINA,SC,"BUSH, GEORGE W.",REP,937974,1617700,0.5798
898,2008,SOUTH CAROLINA,SC,"MCCAIN, JOHN",REP,1034896,1920969,0.5387
1000,2012,SOUTH CAROLINA,SC,"ROMNEY, MITT",REP,1071645,1964118,0.5456
1105,2016,SOUTH CAROLINA,SC,"TRUMP, DONALD J.",REP,1155389,2103027,0.5494
1207,2020,SOUTH CAROLINA,SC,"TRUMP, DONALD J.",REP,1385103,2514096,0.5509
83,1976,SOUTH DAKOTA,SD,"FORD, GERALD",REP,151505,300678,0.5039
185,1980,SOUTH DAKOTA,SD,"REAGAN, RONALD",REP,198343,327703,0.6053
287,1984,SOUTH DAKOTA,SD,"REAGAN, RONALD",REP,200267,317867,0.63
389,1988,SOUTH DAKOTA,SD,"BUSH, GEORGE H.W.",REP,165415,312991,0.5285
491,1992,SOUTH DAKOTA,SD,"BUSH, GEORGE H.W.",REP,136718,336254,0.4066
593,1996,SOUTH DAKOTA,SD,"DOLE, ROBERT",REP,150543,323826,0.4649
695,2000,SOUTH DAKOTA,SD,"BUSH, GEORGE W.",REP,190700,316269,0.603
798,2004,SOUTH DAKOTA,SD,"BUSH, GEORGE W.",REP,232584,388215,0.5991
900,2008,SOUTH DAKOTA,SD,"MCCAIN, JOHN",REP,203054,381975,0.5316
1002,2012,SOUTH DAKOTA,SD,"ROMNEY, MITT",REP,210610,363815,0.5789
1107,2016,SOUTH DAKOTA,SD,"TRUMP, DONALD J.",REP,227721,370093,0.6153
1209,2020,SOUTH DAKOTA,SD,"TRUMP, DONALD J.",REP,261043,422609,0.6177
86,1976,TENNESSEE,TN,"FORD, GERALD",REP,633969,1476346,0.4294
187,1980,TENNESSEE,TN,"REAGAN, RONALD",REP,787761,1617616,0.487
289,1984,TENNESSEE,TN,"REAGAN, RONALD",REP,990212,1711993,0.5784
391,1988,TENNESSEE,TN,"BUSH, GEORGE H.W.",REP,947233,1636250,0.5789
494,1992,TENNESSEE,TN,"BUSH, GEORGE H.W.",REP,841300,1982638,0.4243
596,1996,TENNESSEE,TN,"DOLE, ROBERT",REP,863530,1894105,0.4559
697,2000,TENNESSEE,TN,"BUSH, GEORGE W.",REP,1061949,2076181,0.5115
800,2004,TENNESSEE,TN,"BUSH, GEORGE W.",REP,1384375,2437319,0.568
902,2008,TENNESSEE,TN,"MCCAIN, JOHN",REP,1479178,2599749,0.569
1004,2012,TENNESSEE,TN,"ROMNEY, MITT",REP,1462330,2458577,0.5948
1109,2016,TENNESSEE,TN,"TRUMP, DONALD J.",REP,1522925,2508027,0.6072
1211,2020,TENNESSEE,TN,"TRUMP, DONALD J.",REP,1852475,3053851,0.6066
88,1976,TEXAS,TX,"FORD, GERALD",REP,1953300,4071884,0.4797
189,1980,TEXAS,TX,"REAGAN, RONALD",REP,2510705,4541636,0.5528
291,1984,TEXAS,TX,"REAGAN, RONALD",REP,3433428,5397571,0.6361
393,1988,TEXAS,TX,"BUSH, GEORGE H.W.",REP,3036829,5427410,0.5595
495,1992,TEXAS,TX,"BUSH, GEORGE H.W.",REP,2496071,6154018,0.4056
597,1996,TEXAS,TX,"DOLE, ROBERT",REP,2736167,5611644,0.4876
699,2000,TEXAS,TX,"BUSH, GEORGE W.",REP,3799639,6407637,0.593
802,2004,TEXAS,TX,"BUSH, GEORGE W.",REP,4526917,7410749,0.6109
904,2008,TEXAS,TX,"MCCAIN, JOHN",REP,4479328,8077795,0.5545
1006,2012,TEXAS,TX,"ROMNEY, MITT",REP,4569843,7993851,0.5717
1111,2016,TEXAS,TX,"TRUMP, DONALD J.",REP,4685047,8969226,0.5223
1213,2020,TEXAS,TX,"TRUMP, DONALD J.",REP,5890347,11315056,0.5206
89,1976,UTAH,UT,"FORD, GERALD",REP,337908,541218,0.6243
191,1980,UTAH,UT,"REAGAN, RONALD",REP,439687,604152,0.7278
293,1984,UTAH,UT,"REAGAN, RONALD",REP,469105,629656,0.745
395,1988,UTAH,UT,"BUSH, GEORGE H.W.",REP,428442,647008,0.6622
497,1992,UTAH,UT,"BUSH, GEORGE H.W.",REP,322632,743998,0.4336
599,1996,UTAH,UT,"DOLE, ROBERT",REP,361911,665629,0.5437
701,2000,UTAH,UT,"BUSH, GEORGE W.",REP,515096,770754,0.6683
804,2004,UTAH,UT,"BUSH, GEORGE W.",REP,663742,927844,0.7154
906,2008,UTAH,UT,"MCCAIN, JOHN",REP,596030,952370,0.6258
1008,2012,UTAH,UT,"ROMNEY, MITT",REP,740600,1017440,0.7279
1113,2016,UTAH,UT,"TRUMP, DONALD J.",REP,515211,1131317,0.4554
1216,2020,UTAH,UT,"TRUMP, DONALD J.",REP,865140,1488289,0.5813
91,1976,VERMONT,VT,"FORD, GERALD",REP,100387,183902,0.5459
193,1980,VERMONT,VT,"REAGAN, RONALD",REP,94628,213299,0.4436
295,1984,VERMONT,VT,"REAGAN, RONALD",REP,135865,234561,0.5792
397,1988,VERMONT,VT,"BUSH, GEORGE H.W.",REP,124331,243328,0.511
500,1992,VERMONT,VT,"BUSH, GEORGE H.W.",REP,88122,289701,0.3042
602,1996,VERMONT,VT,"DOLE, ROBERT",REP,80352,258449,0.3109
704,2000,VERMONT,VT,"BUSH, GEORGE W.",REP,119775,294308,0.407
807,2004,VERMONT,VT,"BUSH, GEORGE W.",REP,121180,312309,0.388
909,2008,VERMONT,VT,"MCCAIN, JOHN",REP,98974,325046,0.3045
1011,2012,VERMONT,VT,"ROMNEY, MITT",REP,92698,299290,0.3097
1116,2016,VERMONT,VT,"TRUMP, DONALD J.",REP,95369,320467,0.2976
1218,2020,VERMONT,VT,"TRUMP, DONALD J.",REP,112704,370968,0.3038
93,1976,VIRGINIA,VA,"FORD, GERALD",REP,836554,1697094,0.4929
195,1980,VIRGINIA,VA,"REAGAN, RONALD",REP,989609,1866032,0.5303
297,1984,VIRGINIA,VA,"REAGAN, RONALD",REP,1337078,2146635,0.6229
399,1988,VIRGINIA,VA,"BUSH, GEORGE H.W.",REP,1309162,2191609,0.5974
501,1992,VIRGINIA,VA,"BUSH, GEORGE H.W.",REP,1150517,2559129,0.4496
603,1996,VIRGINIA,VA,"DOLE, ROBERT",REP,1138350,2416642,0.471
705,2000,VIRGINIA,VA,"BUSH, GEORGE W.",REP,1437490,2739447,0.5247
808,2004,VIRGINIA,VA,"BUSH, GEORGE W.",REP,1716959,3195415,0.5373
911,2008,VIRGINIA,VA,"MCCAIN, JOHN",REP,1725005,3723260,0.4633
1013,2012,VIRGINIA,VA,"ROMNEY, MITT",REP,1822522,3854489,0.4728
1118,2016,VIRGINIA,VA,"TRUMP, DONALD J.",REP,1769443,3982752,0.4443
1220,2020,VIRGINIA,VA,"TRUMP, DONALD J.",REP,1962430,4460524,0.44
95,1976,WASHINGTON,WA,"FORD, GERALD",REP,777732,1555534,0.5
197,1980,WASHINGTON,WA,"REAGAN, RONALD",REP,865244,1742394,0.4966
299,1984,WASHINGTON,WA,"REAGAN, RONALD",REP,1051670,1874910,0.5609
402,1988,WASHINGTON,WA,"BUSH, GEORGE H.W.",REP,903835,1865253,0.4846
504,1992,WASHINGTON,WA,"BUSH, GEORGE H.W.",REP,731234,2287565,0.3197
606,1996,WASHINGTON,WA,"DOLE, ROBERT",REP,840712,2253837,0.373
708,2000,WASHINGTON,WA,"BUSH, GEORGE W.",REP,1108864,2487433,0.4458
811,2004,WASHINGTON,WA,"BUSH, GEORGE W.",REP,1304894,2859084,0.4564
913,2008,WASHINGTON,WA,"MCCAIN, JOHN",REP,1229216,3036878,0.4048
1015,2012,WASHINGTON,WA,"ROMNEY, MITT",REP,1290670,3125516,0.4129
1120,2016,WASHINGTON,WA,"TRUMP, DONALD J.",REP,1221747,3317019,0.3683
1222,2020,WASHINGTON,WA,"TRUMP, DONALD J.",REP,1584651,4087631,0.3877
98,1976,WEST VIRGINIA,WV,"FORD, GERALD",REP,314726,750590,0.4193
200,1980,WEST VIRGINIA,WV,"REAGAN, RONALD",REP,334206,737715,0.453
301,1984,WEST VIRGINIA,WV,"REAGAN, RONALD",REP,405483,735742,0.5511
404,1988,WEST VIRGINIA,WV,"BUSH, GEORGE H.W.",REP,310065,653311,0.4746
506,1992,WEST VIRGINIA,WV,"BUSH, GEORGE H.W.",REP,241974,683677,0.3539
608,1996,WEST VIRGINIA,WV,"DOLE, ROBERT",REP,233946,636459,0.3676
709,2000,WEST VIRGINIA,WV,"BUSH, GEORGE W.",REP,336475,648124,0.5192
812,2004,WEST VIRGINIA,WV,"BUSH, GEORGE W.",REP,423778,755792,0.5607
914,2008,WEST VIRGINIA,WV,"MCCAIN, JOHN",REP,397466,713451,0.5571
1016,2012,WEST VIRGINIA,WV,"ROMNEY, MITT",REP,417655,670438,0.623
1121,2016,WEST VIRGINIA,WV,"TRUMP, DONALD J.",REP,489371,713051,0.6863
1224,2020,WEST VIRGINIA,WV,"TRUMP, DONALD J.",REP,545382,794652,0.6863
100,1976,WISCONSIN,WI,"FORD, GERALD",REP,1004987,2101336,0.4783
201,1980,WISCONSIN,WI,"REAGAN, RONALD",REP,1088845,2273221,0.479
303,1984,WISCONSIN,WI,"REAGAN, RONALD",REP,1198584,2211689,0.5419
406,1988,WISCONSIN,WI,"BUSH, GEORGE H.W.",REP,1047499,2191608,0.478
508,1992,WISCONSIN,WI,"BUSH, GEORGE H.W.",REP,930855,2531064,0.3678
610,1996,WISCONSIN,WI,"DOLE, ROBERT",REP,845029,2196169,0.3848
712,2000,WISCONSIN,WI,"BUSH, GEORGE W.",REP,1237279,2598607,0.4761
815,2004,WISCONSIN,WI,"BUSH, GEORGE W.",REP,1478120,2997007,0.4932
917,2008,WISCONSIN,WI,"MCCAIN, JOHN",REP,1262393,2983417,0.4231
1019,2012,WISCONSIN,WI,"ROMNEY, MITT",REP,1410966,3071434,0.4594
1123,2016,WISCONSIN,WI,"TRUMP, DONALD J.",REP,1405284,2976150,0.4722
1226,2020,WISCONSIN,WI,"TRUMP, DONALD J.",REP,1610184,3298041,0.4882
101,1976,WYOMING,WY,"FORD, GERALD",REP,92717,156343,0.593
203,1980,WYOMING,WY,"REAGAN, RONALD",REP,110700,176713,0.6264
305,1984,WYOMING,WY,"REAGAN, RONALD",REP,133241,188968,0.7051
407,1988,WYOMING,WY,"BUSH, GEORGE H.W.",REP,106867,176551,0.6053
509,1992,WYOMING,WY,"BUSH, GEORGE H.W.",REP,79347,199884,0.397
611,1996,WYOMING,WY,"DOLE, ROBERT",REP,105388,211571,0.4981
713,2000,WYOMING,WY,"BUSH, GEORGE W.",REP,147947,213726,0.6922
816,2004,WYOMING,WY,"BUSH, GEORGE W.",REP,167629,243861,0.6874
918,2008,WYOMING,WY,"MCCAIN, JOHN",REP,164958,254904,0.6471
1020,2012,WYOMING,WY,"ROMNEY, MITT",REP,170962,250701,0.6819
1125,2016,WYOMING,WY,"TRUMP, DONALD J.",REP,174419,258788,0.674
1228,2020,WYOMING,WY,"TRUMP, DONALD J.",REP,193559,278503,0.695
1,1976,ALABAMA,AL,"CARTER, JIMMY",DEM,659170,1182850,0.5573
104,1980,ALABAMA,AL,"CARTER, JIMMY",DEM,636730,1341929,0.4745
206,1984,ALABAMA,AL,"MONDALE, WALTER",DEM,551899,1441713,0.3828
308,1988,ALABAMA,AL,"DUKAKIS, MICHAEL",DEM,549506,1378476,0.3986
410,1992,ALABAMA,AL,"CLINTON, BILL",DEM,690080,1688060,0.4088
512,1996,ALABAMA,AL,"CLINTON, BILL",DEM,662165,1534349,0.4316
614,2000,ALABAMA,AL,"GORE, AL",DEM,692611,1666272,0.4157
716,2004,ALABAMA,AL,"KERRY, JOHN",DEM,693933,1883415,0.3684
819,2008,ALABAMA,AL,"OBAMA, BARACK H.",DEM,813479,2099819,0.3874
921,2012,ALABAMA,AL,"OBAMA, BARACK H.",DEM,795696,2074338,0.3836
1023,2016,ALABAMA,AL,"CLINTON, HILLARY",DEM,729547,2123372,0.3436
1127,2020,ALABAMA,AL,"BIDEN, JOSEPH R. JR",DEM,849624,2323282,0.3657
4,1976,ALASKA,AK,"CARTER, JIMMY",DEM,44058,123574,0.3565
106,1980,ALASKA,AK,"CARTER, JIMMY",DEM,41842,158445,0.2641
208,1984,ALASKA,AK,"MONDALE, WALTER",DEM,62007,207605,0.2987
310,1988,ALASKA,AK,"DUKAKIS, MICHAEL",DEM,72584,200116,0.3627
412,1992,ALASKA,AK,"CLINTON, BILL",DEM,78294,258506,0.3029
514,1996,ALASKA,AK,"CLINTON, BILL",DEM,80380,241620,0.3327
616,2000,ALASKA,AK,"GORE, AL",DEM,79004,285560,0.2767
718,2004,ALASKA,AK,"KERRY, JOHN",DEM,111025,312598,0.3552
821,2008,ALASKA,AK,"OBAMA, BARACK H.",DEM,123594,326197,0.3789
923,2012,ALASKA,AK,"OBAMA, BARACK H.",DEM,122640,300495,0.4081
1025,2016,ALASKA,AK,"CLINTON, HILLARY",DEM,116454,318608,0.3655
1129,2020,ALASKA,AK,"BIDEN, JOSEPH R. JR",DEM,153778,359530,0.4277
6,1976,ARIZONA,AZ,"CARTER, JIMMY",DEM,295602,742719,0.398
108,1980,ARIZONA,AZ,"CARTER, JIMMY",DEM,246843,873945,0.2824
210,1984,ARIZONA,AZ,"MONDALE, WALTER",DEM,333854,1025897,0.3254
312,1988,ARIZONA,AZ,"DUKAKIS, MICHAEL",DEM,454029,1171873,0.3874
414,1992,ARIZONA,AZ,"CLINTON, BILL",DEM,543050,1486975,0.3652
515,1996,ARIZONA,AZ,"CLINTON, BILL",DEM,653288,1404405,0.4652
618,2000,ARIZONA,AZ,"GORE, AL",DEM,685341,1532016,0.4473
720,2004,ARIZONA,AZ,"KERRY, JOHN",DEM,893524,2012585,0.444
823,2008,ARIZONA,AZ,"OBAMA, BARACK H.",DEM,1034707,2293475,0.4512
925,2012,ARIZONA,AZ,"OBAMA, BARACK H.",DEM,1025232,2299254,0.4459
1027,2016,ARIZONA,AZ,"CLINTON, HILLARY",DEM,1161167,2573165,0.4513
1131,2020,ARIZONA,AZ,"BIDEN, JOSEPH R. JR",DEM,1672143,3387326,0.4936
7,1976,ARKANSAS,AR,"CARTER, JIMMY",DEM,498604,767535,0.6496
110,1980,ARKANSAS,AR,"CARTER, JIMMY",DEM,398041,837582,0.4752
212,1984,ARKANSAS,AR,"MONDALE, WALTER",DEM,338646,884406,0.3829
314,1988,ARKANSAS,AR,"DUKAKIS, MICHAEL",DEM,349237,827738,0.4219
415,1992,ARKANSAS,AR,"CLINTON, BILL",DEM,505823,950653,0.5321
517,1996,ARKANSAS,AR,"CLINTON, BILL",DEM,475171,884262,0.5374
620,2000,ARKANSAS,AR,"GORE, AL",DEM,422768,921781,0.4586
722,2004,ARKANSAS,AR,"KERRY, JOHN",DEM,469953,1054945,0.4455
825,2008,ARKANSAS,AR,"OBAMA, BARACK H.",DEM,422310,1086617,0.3886
927,2012,ARKANSAS,AR,"OBAMA, BARACK H.",DEM,394409,1069468,0.3688
1030,2016,ARKANSAS,AR,"CLINTON, HILLARY",DEM,380494,1130635,0.3365
1133,2020,ARKANSAS,AR,"BIDEN, JOSEPH R. JR",DEM,423932,1219069,0.3478
10,1976,CALIFORNIA,CA,"CARTER, JIMMY",DEM,3742284,7803770,0.4795
112,1980,CALIFORNIA,CA,"CARTER, JIMMY",DEM,3082943,8582938,0.3592
214,1984,CALIFORNIA,CA,"MONDALE, WALTER",DEM,3922519,9505041,0.4127
316,1988,CALIFORNIA,CA,"DUKAKIS, MICHAEL",DEM,4702233,9887065,0.4756
417,1992,CALIFORNIA,CA,"CLINTON, BILL",DEM,5121325,11131721,0.4601
519,1996,CALIFORNIA,CA,"CLINTON, BILL",DEM,5119835,10019469,0.511
621,2000,CALIFORNIA,CA,"GORE, AL",DEM,5861203,10965822,0.5345
723,2004,CALIFORNIA,CA,"KERRY, JOHN",DEM,6745485,12421353,0.5431
826,2008,CALIFORNIA,CA,"OBAMA, BARACK H.",DEM,8274473,13561900,0.6101
928,2012,CALIFORNIA,CA,"OBAMA, BARACK H.",DEM,7854285,13038547,0.6024
1031,2016,CALIFORNIA,CA,"CLINTON, HILLARY",DEM,8753788,14181595,0.6173
1135,2020,CALIFORNIA,CA,"BIDEN, JOSEPH R. JR",DEM,11110250,17500881,0.6348
12,1976,COLORADO,CO,"CARTER, JIMMY",DEM,460801,1081440,0.4261
114,1980,COLORADO,CO,"CARTER, JIMMY",DEM,368009,1184450,0.3107
216,1984,COLORADO,CO,"MONDALE, WALTER",DEM,454975,1295380,0.3512
318,1988,COLORADO,CO,"DUKAKIS, MICHAEL",DEM,621453,1372394,0.4528
419,1992,COLORADO,CO,"CLINTON, BILL",DEM,629681,1569180,0.4013
522,1996,COLORADO,CO,"CLINTON, BILL",DEM,671152,1510702,0.4443
624,2000,COLORADO,CO,"GORE, AL",DEM,738227,1741368,0.4239
726,2004,COLORADO,CO,"KERRY, JOHN",DEM,1001732,2129630,0.4704
828,2008,COLORADO,CO,"OBAMA, BARACK H.",DEM,1288576,2401361,0.5366
930,2012,COLORADO,CO,"OBAMA, BARACK H.",DEM,1323101,2569516,0.5149
1033,2016,COLORADO,CO,"CLINTON, HILLARY",DEM,1338870,2780220,0.4816
1137,2020,COLORADO,CO,"BIDEN, JOSEPH R. JR",DEM,1804352,3279980,0.5501
14,1976,CONNECTICUT,CT,"CARTER, JIMMY",DEM,647895,1386355,0.4673
116,1980,CONNECTICUT,CT,"CARTER, JIMMY",DEM,541732,1406285,0.3852
218,1984,CONNECTICUT,CT,"MONDALE, WALTER",DEM,569597,1466900,0.3883
320,1988,CONNECTICUT,CT,"DUKAKIS, MICHAEL",DEM,676584,1443394,0.4687
421,1992,CONNECTICUT,CT,"CLINTON, BILL",DEM,682318,1616156,0.4222
523,1996,CONNECTICUT,CT,"CLINTON, BILL",DEM,735740,1392614,0.5283
625,2000,CONNECTICUT,CT,"GORE, AL",DEM,816015,1459525,0.5591
727,2004,CONNECTICUT,CT,"KERRY, JOHN",DEM,857488,1578769,0.5431
830,2008,CONNECTICUT,CT,"OBAMA, BARACK H.",DEM,997772,1646792,0.6059
932,2012,CONNECTICUT,CT,"OBAMA, BARACK H.",DEM,905083,1558204,0.5809
1035,2016,CONNECTICUT,CT,"CLINTON, HILLARY",DEM,897572,1644920,0.5457
1139,2020,CONNECTICUT,CT,"BIDEN, JOSEPH R. JR",DEM,1080831,1823857,0.5926
15,1976,DELAWARE,DE,"CARTER, JIMMY",DEM,122461,235642,0.5197
118,1980,DELAWARE,DE,"CARTER, JIMMY",DEM,105754,235668,0.4487
220,1984,DELAWARE,DE,"MONDALE, WALTER",DEM,101656,254572,0.3993
322,1988,DELAWARE,DE,"DUKAKIS, MICHAEL",DEM,108647,249891,0.4348
423,1992,DELAWARE,DE,"CLINTON, BILL",DEM,126054,289620,0.4352
525,1996,DELAWARE,DE,"CLINTON, BILL",DEM,140355,270810,0.5183
627,2000,DELAWARE,DE,"GORE, AL",DEM,180068,327529,0.5498
729,2004,DELAWARE,DE,"KERRY, JOHN",DEM,200152,375190,0.5335
832,2008,DELAWARE,DE,"OBAMA, BARACK H.",DEM,255459,412412,0.6194
934,2012,DELAWARE,DE,"OBAMA, BARACK H.",DEM,242584,413890,0.5861
1037,2016,DELAWARE,DE,"CLINTON, HILLARY",DEM,235603,441590,0.5335
1141,2020,DELAWARE,DE,"BIDEN, JOSEPH R. JR",DEM,296268,504346,0.5874
17,1976,DISTRICT OF COLUMBIA,DC,"CARTER, JIMMY",DEM,137818,168830,0.8163
119,1980,DISTRICT OF COLUMBIA,DC,"CARTER, JIMMY",DEM,130231,173889,0.7489
221,1984,DISTRICT OF COLUMBIA,DC,"MONDALE, WALTER",DEM,180408,211288,0.8538
323,1988,DISTRICT OF COLUMBIA,DC,"DUKAKIS, MICHAEL",DEM,159407,192877,0.8265
425,1992,DISTRICT OF COLUMBIA,DC,"CLINTON, BILL",DEM,192619,227572,0.8464
527,1996,DISTRICT OF COLUMBIA,DC,"CLINTON, BILL",DEM,158220,185726,0.8519
629,2000,DISTRICT OF COLUMBIA,DC,"GORE, AL",DEM,171923,201894,0.8516
731,2004,DISTRICT OF COLUMBIA,DC,"KERRY, JOHN",DEM,202970,227586,0.8918
834,2008,DISTRICT OF COLUMBIA,DC,"OBAMA, BARACK H.",DEM,245800,265853,0.9246
936,2012,DISTRICT OF COLUMBIA,DC,"OBAMA, BARACK H.",DEM,267070,293764,0.9091
1039,2016,DISTRICT OF COLUMBIA,DC,"CLINTON, HILLARY",DEM,282830,312575,0.9048
1143,2020,DISTRICT OF COLUMBIA,DC,"BIDEN, JOSEPH R. JR",DEM,317323,344356,0.9215
19,1976,FLORIDA,FL,"CARTER, JIMMY",DEM,1636000,3150631,0.5193
122,1980,FLORIDA,FL,"CARTER, JIMMY",DEM,1419475,3686927,0.385
224,1984,FLORIDA,FL,"MONDALE, WALTER",DEM,1448816,4180051,0.3466
326,1988,FLORIDA,FL,"DUKAKIS, MICHAEL",DEM,1656701,4302313,0.3851
428,1992,FLORIDA,FL,"CLINTON, BILL",DEM,2071698,5313392,0.3899
529,1996,FLORIDA,FL,"CLINTON, BILL",DEM,2546870,5303154,0.4803
632,2000,FLORIDA,FL,"GORE, AL",DEM,2912253,5963110,0.4884
734,2004,FLORIDA,FL,"KERRY, JOHN",DEM,3583544,7609810,0.4709
836,2008,FLORIDA,FL,"OBAMA, BARACK H.",DEM,4282074,8390744,0.5103
938,2012,FLORIDA,FL,"OBAMA, BARACK H.",DEM,4237756,8474179,0.5001
1042,2016,FLORIDA,FL,"CLINTON, HILLARY",DEM,4504975,9420039,0.4782
1145,2020,FLORIDA,FL,"BIDEN, JOSEPH R. JR",DEM,5297045,11067456,0.4786
21,1976,GEORGIA,GA,"CARTER, JIMMY",DEM,979409,1463152,0.6694
123,1980,GEORGIA,GA,"CARTER, JIMMY",DEM,890955,1596805,0.558
226,1984,GEORGIA,GA,"MONDALE, WALTER",DEM,706628,1776103,0.3979
328,1988,GEORGIA,GA,"DUKAKIS, MICHAEL",DEM,714792,1809672,0.395
429,1992,GEORGIA,GA,"CLINTON, BILL",DEM,1008966,2321133,0.4347
532,1996,GEORGIA,GA,"CLINTON, BILL",DEM,1053849,2298899,0.4584
634,2000,GEORGIA,GA,"GORE, AL",DEM,1116230,2583208,0.4321
736,2004,GEORGIA,GA,"KERRY, JOHN",DEM,1366149,3301875,0.4137
839,2008,GEORGIA,GA,"OBAMA, BARACK H.",DEM,1844123,3924486,0.4699
941,2012,GEORGIA,GA,"OBAMA, BARACK H.",DEM,1773827,3897839,0.4551
1044,2016,GEORGIA,GA,"CLINTON, HILLARY",DEM,1877963,4114732,0.4564
1147,2020,GEORGIA,GA,"BIDEN, JOSEPH R. JR",DEM,2473633,4999960,0.4947
23,1976,HAWAII,HI,"CARTER, JIMMY",DEM,147375,291301,0.5059
125,1980,HAWAII,HI,"CARTER, JIMMY",DEM,135879,303287,0.448
228,1984,HAWAII,HI,"MONDALE, WALTER",DEM,147154,335846,0.4382
329,1988,HAWAII,HI,"DUKAKIS, MICHAEL",DEM,192364,354461,0.5427
431,1992,HAWAII,HI,"CLINTON, BILL",DEM,179310,372842,0.4809
533,1996,HAWAII,HI,"CLINTON, BILL",DEM,205012,360120,0.5693
635,2000,HAWAII,HI,"GORE, AL",DEM,205286,367951,0.5579
737,2004,HAWAII,HI,"KERRY, JOHN",DEM,231708,429013,0.5401
840,2008,HAWAII,HI,"OBAMA, BARACK H.",DEM,325871,456064,0.7145
942,2012,HAWAII,HI,"OBAMA, BARACK H.",DEM,306658,437159,0.7015
1045,2016,HAWAII,HI,"CLINTON, HILLARY",DEM,266891,437664,0.6098
1149,2020,HAWAII,HI,"BIDEN, JOSEPH R. JR",DEM,366130,579784,0.6315
26,1976,IDAHO,ID,"CARTER, JIMMY",DEM,126549,340932,0.3712
128,1980,IDAHO,ID,"CARTER, JIMMY",DEM,110192,437431,0.2519
230,1984,IDAHO,ID,"MONDALE, WALTER",DEM,108510,411144,0.2639
332,1988,IDAHO,ID,"DUKAKIS, MICHAEL",DEM,147272,408968,0.3601
434,1992,IDAHO,ID,"CLINTON, BILL",DEM,137013,482114,0.2842
536,1996,IDAHO,ID,"CLINTON, BILL",DEM,165443,491711,0.3365
638,2000,IDAHO,ID,"GORE, AL",DEM,138637,501615,0.2764
740,2004,IDAHO,ID,"KERRY, JOHN",DEM,181098,598376,0.3026
843,2008,IDAHO,ID,"OBAMA, BARACK H.",DEM,236440,655122,0.3609
945,2012,IDAHO,ID,"OBAMA, BARACK H.",DEM,212787,652274,0.3262
1048,2016,IDAHO,ID,"CLINTON, HILLARY",DEM,189765,690255,0.2749
1151,2020,IDAHO,ID,"BIDEN, JOSEPH R. JR",DEM,287021,868014,0.3307
28,1976,ILLINOIS,IL,"CARTER, JIMMY",DEM,2271295,4721282,0.4811
130,1980,ILLINOIS,IL,"CARTER, JIMMY",DEM,1981413,4749721,0.4172
232,1984,ILLINOIS,IL,"MONDALE, WALTER",DEM,2086499,4819088,0.433
334,1988,ILLINOIS,IL,"DUKAKIS, MICHAEL",DEM,2215940,4559120,0.486
435,1992,ILLINOIS,IL,"CLINTON, BILL",DEM,2453350,5050157,0.4858
537,1996,ILLINOIS,IL,"CLINTON, BILL",DEM,2341744,4311391,0.5432
639,2000,ILLINOIS,IL,"GORE, AL",DEM,2589026,4742108,0.546
741,2004,ILLINOIS,IL,"KERRY, JOHN",DEM,2891550,5274322,0.5482
844,2008,ILLINOIS,IL,"OBAMA, BARACK H.",DEM,3419348,5522371,0.6192
946,2012,ILLINOIS,IL,"OBAMA, BARACK H.",DEM,3019512,5242014,0.576
1049,2016,ILLINOIS,IL,"CLINTON, HILLARY",DEM,3090729,5536424,0.5583
1153,2020,ILLINOIS,IL,"BIDEN, JOSEPH R. JR",DEM,3471915,6033743,0.5754
30,1976,INDIANA,IN,"CARTER, JIMMY",DEM,1014714,2220362,0.457
132,1980,INDIANA,IN,"CARTER, JIMMY",DEM,844197,2242033,0.3765
234,1984,INDIANA,IN,"MONDALE, WALTER",DEM,841481,2233069,0.3768
336,1988,INDIANA,IN,"DUKAKIS, MICHAEL",DEM,860643,2168621,0.3969
438,1992,INDIANA,IN,"CLINTON, BILL",DEM,848420,2305871,0.3679
540,1996,INDIANA,IN,"CLINTON, BILL",DEM,887424,2135431,0.4156
642,2000,INDIANA,IN,"GORE, AL",DEM,901980,2199302,0.4101
744,2004,INDIANA,IN,"KERRY, JOHN",DEM,969011,2468002,0.3926
846,2008,INDIANA,IN,"OBAMA, BARACK H.",DEM,1374039,2751054,0.4995
949,2012,INDIANA,IN,"OBAMA, BARACK H.",DEM,1152887,2624534,0.4393
1052,2016,INDIANA,IN,"CLINTON, HILLARY",DEM,1033126,2734958,0.3777
1155,2020,INDIANA,IN,"BIDEN, JOSEPH R. JR",DEM,1242416,3033118,0.4096
32,1976,IOWA,IA,"CARTER, JIMMY",DEM,619931,1279303,0.4846
134,1980,IOWA,IA,"CARTER, JIMMY",DEM,508672,1317661,0.386
236,1984,IOWA,IA,"MONDALE, WALTER",DEM,605620,1319805,0.4589
337,1988,IOWA,IA,"DUKAKIS, MICHAEL",DEM,670557,1225614,0.5471
439,1992,IOWA,IA,"CLINTON, BILL",DEM,586353,1354607,0.4329
541,1996,IOWA,IA,"CLINTON, BILL",DEM,620258,1234075,0.5026
643,2000,IOWA,IA,"GORE, AL",DEM,638517,1353022,0.4719
746,2004,IOWA,IA,"KERRY, JOHN",DEM,741898,1506908,0.4923
848,2008,IOWA,IA,"OBAMA, BARACK H.",DEM,828940,1537123,0.5393
950,2012,IOWA,IA,"OBAMA, BARACK H.",DEM,822544,1582180,0.5199
1054,2016,IOWA,IA,"CLINTON, HILLARY",DEM,653669,1565580,0.4175
1158,2020,IOWA,IA,"BIDEN, JOSEPH R. JR",DEM,759061,1700130,0.4465
34,1976,KANSAS,KS,"CARTER, JIMMY",DEM,430421,957845,0.4494
136,1980,KANSAS,KS,"CARTER, JIMMY",DEM,326150,979795,0.3329
238,1984,KANSAS,KS,"MONDALE, WALTER",DEM,333149,1021991,0.326
340,1988,KANSAS,KS,"DUKAKIS, MICHAEL",DEM,422636,993044,0.4256
442,1992,KANSAS,KS,"CLINTON, BILL",DEM,390434,1157236,0.3374
544,1996,KANSAS,KS,"CLINTON, BILL",DEM,387659,1074300,0.3608
646,2000,KANSAS,KS,"GORE, AL",DEM,399276,1072216,0.3724
748,2004,KANSAS,KS,"KERRY, JOHN",DEM,434993,1187756,0.3662
851,2008,KANSAS,KS,"OBAMA, BARACK H.",DEM,514765,1235872,0.4165
953,2012,KANSAS,KS,"OBAMA, BARACK H.",DEM,440726,1159971,0.3799
1056,2016,KANSAS,KS,"CLINTON, HILLARY",DEM,427005,1184402,0.3605
1160,2020,KANSAS,KS,"BIDEN, JOSEPH R. JR",DEM,570323,1372303,0.4156
35,1976,KENTUCKY,KY,"CARTER, JIMMY",DEM,615717,1167142,0.5275
138,1980,KENTUCKY,KY,"CARTER, JIMMY",DEM,617417,1295627,0.4765
240,1984,KENTUCKY,KY,"MONDALE, WALTER",DEM,539539,1369345,0.394
342,1988,KENTUCKY,KY,"DUKAKIS, MICHAEL",DEM,580368,1322517,0.4388
443,1992,KENTUCKY,KY,"CLINTON, BILL",DEM,665104,1492900,0.4455
545,1996,KENTUCKY,KY,"CLINTON, BILL",DEM,636614,1388708,0.4584
648,2000,KENTUCKY,KY,"GORE, AL",DEM,638923,1544106,0.4138
750,2004,KENTUCKY,KY,"KERRY, JOHN",DEM,712733,1795882,0.3969
853,2008,KENTUCKY,KY,"OBAMA, BARACK H.",DEM,751985,1826620,0.4117
955,2012,KENTUCKY,KY,"OBAMA, BARACK H.",DEM,679370,1797212,0.378
1058,2016,KENTUCKY,KY,"CLINTON, HILLARY",DEM,628854,1924149,0.3268
1162,2020,KENTUCKY,KY,"BIDEN, JOSEPH R. JR",DEM,772474,2136768,0.3615
37,1976,LOUISIANA,LA,"CARTER, JIMMY",DEM,661365,1277383,0.5177
140,1980,LOUISIANA,LA,"CARTER, JIMMY",DEM,708453,1548591,0.4575
242,1984,LOUISIANA,LA,"MONDALE, WALTER",DEM,651586,1706822,0.3818
344,1988,LOUISIANA,LA,"DUKAKIS, MICHAEL",DEM,717460,1628202,0.4406
445,1992,LOUISIANA,LA,"CLINTON, BILL",DEM,815971,1790017,0.4558
547,1996,LOUISIANA,LA,"CLINTON, BILL",DEM,927837,1783959,0.5201
650,2000,LOUISIANA,LA,"GORE, AL",DEM,792344,1765656,0.4488
752,2004,LOUISIANA,LA,"KERRY, JOHN",DEM,820299,1943106,0.4222
855,2008,LOUISIANA,LA,"OBAMA, BARACK H.",DEM,782989,1960761,0.3993
957,2012,LOUISIANA,LA,"OBAMA, BARACK H.",DEM,809141,1994065,0.4058
1060,2016,LOUISIANA,LA,"CLINTON, HILLARY",DEM,780154,2029032,0.3845
1163,2020,LOUISIANA,LA,"BIDEN, JOSEPH R. JR",DEM,856034,2148062,0.3985
40,1976,MAINE,ME,"CARTER, JIMMY",DEM,232279,482968,0.4809
142,1980,MAINE,ME,"CARTER, JIMMY",DEM,220974,523011,0.4225
244,1984,MAINE,ME,"MONDALE, WALTER",DEM,214515,553144,0.3878
346,1988,MAINE,ME,"DUKAKIS, MICHAEL",DEM,243569,555035,0.4388
447,1992,MAINE,ME,"CLINTON, BILL",DEM,263420,679499,0.3877
549,1996,MAINE,ME,"CLINTON, BILL",DEM,312788,605897,0.5162
651,2000,MAINE,ME,"GORE, AL",DEM,319951,651817,0.4909
753,2004,MAINE,ME,"KERRY, JOHN",DEM,396842,740752,0.5357
856,2008,MAINE,ME,"OBAMA, BARACK H.",DEM,421923,731163,0.5771
958,2012,MAINE,ME,"OBAMA, BARACK H.",DEM,401306,724758,0.5537
1061,2016,MAINE,ME,"CLINTON, HILLARY",DEM,357735,771892,0.4635
1165,2020,MAINE,ME,"BIDEN, JOSEPH R. JR",DEM,435072,828305,0.5253
41,1976,MARYLAND,MD,"CARTER, JIMMY",DEM,759612,1432273,0.5304
143,1980,MARYLAND,MD,"CARTER, JIMMY",DEM,726161,1540496,0.4714
246,1984,MARYLAND,MD,"MONDALE, WALTER",DEM,787935,1675873,0.4702
348,1988,MARYLAND,MD,"DUKAKIS, MICHAEL",DEM,826304,1714358,0.482
449,1992,MARYLAND,MD,"CLINTON, BILL",DEM,988571,1984580,0.4981
551,1996,MARYLAND,MD,"CLINTON, BILL",DEM,966207,1780870,0.5425
653,2000,MARYLAND,MD,"GORE, AL",DEM,1144008,2025212,0.5649
755,2004,MARYLAND,MD,"KERRY, JOHN",DEM,1334493,2384238,0.5597
858,2008,MARYLAND,MD,"OBAMA, BARACK H.",DEM,1629467,2631596,0.6192
960,2012,MARYLAND,MD,"OBAMA, BARACK H.",DEM,1677844,2707327,0.6197
1063,2016,MARYLAND,MD,"CLINTON, HILLARY",DEM,1677928,2781446,0.6033
1168,2020,MARYLAND,MD,"BIDEN, JOSEPH R. JR",DEM,1985023,3037030,0.6536
43,1976,MASSACHUSETTS,MA,"CARTER, JIMMY",DEM,1429475,2547558,0.5611
146,1980,MASSACHUSETTS,MA,"CARTER, JIMMY",DEM,1053802,2524090,0.4175
248,1984,MASSACHUSETTS,MA,"MONDALE, WALTER",DEM,1239606,2559383,0.4843
349,1988,MASSACHUSETTS,MA,"DUKAKIS, MICHAEL",DEM,1401415,2632801,0.5323
451,1992,MASSACHUSETTS,MA,"CLINTON, BILL",DEM,1318639,2773664,0.4754
553,1996,MASSACHUSETTS,MA,"CLINTON, BILL",DEM,1571509,2556459,0.6147
655,2000,MASSACHUSETTS,MA,"GORE, AL",DEM,1616487,2733964,0.5913
758,2004,MASSACHUSETTS,MA,"KERRY, JOHN",DEM,1803800,2927455,0.6162
860,2008,MASSACHUSETTS,MA,"OBAMA, BARACK H.",DEM,1904097,3102995,0.6136
962,2012,MASSACHUSETTS,MA,"OBAMA, BARACK H.",DEM,1921290,3184196,0.6034
1067,2016,MASSACHUSETTS,MA,"CLINTON, HILLARY",DEM,1995196,3378821,0.5905
1169,2020,MASSACHUSETTS,MA,"BIDEN, JOSEPH R. JR",DEM,2382202,3658005,0.6512
46,1976,MICHIGAN,MI,"CARTER, JIMMY",DEM,1696714,3651590,0.4647
148,1980,MICHIGAN,MI,"CARTER, JIMMY",DEM,1661532,3909725,0.425
250,1984,MICHIGAN,MI,"MONDALE, WALTER",DEM,1529638,3801658,0.4024
352,1988,MICHIGAN,MI,"DUKAKIS, MICHAEL",DEM,1675783,3669163,0.4567
453,1992,MICHIGAN,MI,"CLINTON, BILL",DEM,1871182,4274673,0.4377
555,1996,MICHIGAN,MI,"CLINTON, BILL",DEM,1989653,3848844,0.5169
657,2000,MICHIGAN,MI,"GORE, AL",DEM,2170418,4232501,0.5128
760,2004,MICHIGAN,MI,"KERRY, JOHN",DEM,2479183,4839252,0.5123
862,2008,MICHIGAN,MI,"OBAMA, BARACK H.",DEM,2872579,5001596,0.5743
964,2012,MICHIGAN,MI,"OBAMA, BARACK H.",DEM,2564569,4730961,0.5421
1070,2016,MICHIGAN,MI,"CLINTON, HILLARY",DEM,2268839,4799284,0.4727
1171,2020,MICHIGAN,MI,"BIDEN, JOSEPH R. JR",DEM,2804040,5539302,0.5062
47,1976,MINNESOTA,MN,"CARTER, JIMMY",DEM,1070440,1949931,0.549
149,1980,MINNESOTA,MN,"CARTER, JIMMY",DEM,954173,2051916,0.465
251,1984,MINNESOTA,MN,"MONDALE, WALTER",DEM,1036364,2084449,0.4972
353,1988,MINNESOTA,MN,"DUKAKIS, MICHAEL",DEM,1109471,2096790,0.5291
455,1992,MINNESOTA,MN,"CLINTON, BILL",DEM,1020997,2347948,0.4348
557,1996,MINNESOTA,MN,"CLINTON, BILL",DEM,1120380,2192492,0.511
659,2000,MINNESOTA,MN,"GORE, AL",DEM,1168266,2438685,0.4791
762,2004,MINNESOTA,MN,"KERRY, JOHN",DEM,1445014,2828387,0.5109
864,2008,MINNESOTA,MN,"OBAMA, BARACK H.",DEM,1573354,2910369,0.5406
966,2012,MINNESOTA,MN,"OBAMA, BARACK H.",DEM,1546167,2936561,0.5265
1071,2016,MINNESOTA,MN,"CLINTON, HILLARY",DEM,1367705,2944782,0.4645
1174,2020,MINNESOTA,MN,"BIDEN, JOSEPH R. JR",DEM,1717077,3277171,0.524
49,1976,MISSISSIPPI,MS,"CARTER, JIMMY",DEM,381329,768390,0.4963
152,1980,MISSISSIPPI,MS,"CARTER, JIMMY",DEM,429281,891750,0.4814
254,1984,MISSISSIPPI,MS,"MONDALE, WALTER",DEM,352192,941104,0.3742
356,1988,MISSISSIPPI,MS,"DUKAKIS, MICHAEL",DEM,363921,931527,0.3907
458,1992,MISSISSIPPI,MS,"CLINTON, BILL",DEM,400258,981793,0.4077
560,1996,MISSISSIPPI,MS,"CLINTON, BILL",DEM,394022,893857,0.4408
662,2000,MISSISSIPPI,MS,"GORE, AL",DEM,404614,994184,0.407
765,2004,MISSISSIPPI,MS,"KERRY, JOHN",DEM,457766,1139824,0.4016
867,2008,MISSISSIPPI,MS,"OBAMA, BARACK H.",DEM,554662,1289865,0.43
969,2012,MISSISSIPPI,MS,"OBAMA, BARACK H.",DEM,562949,1285584,0.4379
1074,2016,MISSISSIPPI,MS,"CLINTON, HILLARY",DEM,485131,1209357,0.4011
1175,2020,MISSISSIPPI,MS,"BIDEN, JOSEPH R. JR",DEM,539398,1313759,0.4106
51,1976,MISSOURI,MO,"CARTER, JIMMY",DEM,998387,1953600,0.511
154,1980,MISSOURI,MO,"CARTER, JIMMY",DEM,931182,2099824,0.4435
256,1984,MISSOURI,MO,"MONDALE, WALTER",DEM,848583,2122771,0.3998
358,1988,MISSOURI,MO,"DUKAKIS, MICHAEL",DEM,1001619,2093228,0.4785
459,1992,MISSOURI,MO,"CLINTON, BILL",DEM,1053873,2391270,0.4407
561,1996,MISSOURI,MO,"CLINTON, BILL",DEM,1025935,2158065,0.4754
664,2000,MISSOURI,MO,"GORE, AL",DEM,1111138,2359892,0.4708
767,2004,MISSOURI,MO,"KERRY, JOHN",DEM,1259171,2731364,0.461
869,2008,MISSOURI,MO,"OBAMA, BARACK H.",DEM,1441911,2925205,0.4929
971,2012,MISSOURI,MO,"OBAMA, BARACK H.",DEM,1223796,2757323,0.4438
1076,2016,MISSOURI,MO,"CLINTON, HILLARY",DEM,1071068,2808605,0.3814
1178,2020,MISSOURI,MO,"BIDEN, JOSEPH R. JR",DEM,1253014,3025962,0.4141
54,1976,MONTANA,MT,"CARTER, JIMMY",DEM,149259,328734,0.454
156,1980,MONTANA,MT,"CARTER, JIMMY",DEM,118032,363952,0.3243
258,1984,MONTANA,MT,"MONDALE, WALTER",DEM,146742,384377,0.3818
360,1988,MONTANA,MT,"DUKAKIS, MICHAEL",DEM,168936,365674,0.462
461,1992,MONTANA,MT,"CLINTON, BILL",DEM,154507,410583,0.3763
564,1996,MONTANA,MT,"CLINTON, BILL",DEM,167922,407083,0.4125
666,2000,MONTANA,MT,"GORE, AL",DEM,137126,410986,0.3337
769,2004,MONTANA,MT,"KERRY, JOHN",DEM,173710,450434,0.3857
871,2008,MONTANA,MT,"OBAMA, BARACK H.",DEM,231667,490109,0.4727
973,2012,MONTANA,MT,"OBAMA, BARACK H.",DEM,201839,484048,0.417
1078,2016,MONTANA,MT,"CLINTON, HILLARY",DEM,177709,494526,0.3594
1180,2020,MONTANA,MT,"BIDEN, JOSEPH R. JR",DEM,244786,603674,0.4055
56,1976,NEBRASKA,NE,"CARTER, JIMMY",DEM,233293,606749,0.3845
158,1980,NEBRASKA,NE,"CARTER, JIMMY",DEM,166424,639533,0.2602
260,1984,NEBRASKA,NE,"MONDALE, WALTER",DEM,187866,652090,0.2881
362,1988,NEBRASKA,NE,"DUKAKIS, MICHAEL",DEM,259235,661465,0.3919
464,1992,NEBRASKA,NE,"CLINTON, BILL",DEM,216864,737546,0.294
566,1996,NEBRASKA,NE,"CLINTON, BILL",DEM,236761,677415,0.3495
668,2000,NEBRASKA,NE,"GORE, AL",DEM,231780,697019,0.3325
771,2004,NEBRASKA,NE,"KERRY, JOHN",DEM,254328,778186,0.3268
873,2008,NEBRASKA,NE,"OBAMA, BARACK H.",DEM,333319,801281,0.416
975,2012,NEBRASKA,NE,"OBAMA, BARACK H.",DEM,302081,794379,0.3803
1080,2016,NEBRASKA,NE,"CLINTON, HILLARY",DEM,284494,844227,0.337
1182,2020,NEBRASKA,NE,"BIDEN, JOSEPH R. JR",DEM,374583,956383,0.3917
58,1976,NEVADA,NV,"CARTER, JIMMY",DEM,92479,201876,0.4581
160,1980,NEVADA,NV,"CARTER, JIMMY",DEM,66666,243692,0.2736
262,1984,NEVADA,NV,"MONDALE, WALTER",DEM,91655,282717,0.3242
364,1988,NEVADA,NV,"DUKAKIS, MICHAEL",DEM,132738,343133,0.3868
465,1992,NEVADA,NV,"CLINTON, BILL",DEM,189148,506318,0.3736
567,1996,NEVADA,NV,"CLINTON, BILL",DEM,203974,464279,0.4393
670,2000,NEVADA,NV,"GORE, AL",DEM,279978,609426,0.4594
773,2004,NEVADA,NV,"KERRY, JOHN",DEM,397190,829587,0.4788
874,2008,NEVADA,NV,"OBAMA, BARACK H.",DEM,533736,967848,0.5515
976,2012,NEVADA,NV,"OBAMA, BARACK H.",DEM,531373,1014918,0.5236
1081,2016,NEVADA,NV,"CLINTON, HILLARY",DEM,539260,1125385,0.4792
1184,2020,NEVADA,NV,"BIDEN, JOSEPH R. JR",DEM,703486,1405376,0.5006
60,1976,NEW HAMPSHIRE,NH,"CARTER, JIMMY",DEM,147645,339627,0.4347
162,1980,NEW HAMPSHIRE,NH,"CARTER, JIMMY",DEM,108864,383990,0.2835
264,1984,NEW HAMPSHIRE,NH,"MONDALE, WALTER",DEM,120347,388904,0.3095
366,1988,NEW HAMPSHIRE,NH,"DUKAKIS, MICHAEL",DEM,163696,450525,0.3633
467,1992,NEW HAMPSHIRE,NH,"CLINTON, BILL",DEM,209040,537215,0.3891
569,1996,NEW HAMPSHIRE,NH,"CLINTON, BILL",DEM,246166,496597,0.4957
672,2000,NEW HAMPSHIRE,NH,"GORE, AL",DEM,266348,569081,0.468
774,2004,NEW HAMPSHIRE,NH,"KERRY, JOHN",DEM,340511,678287,0.502
876,2008,NEW HAMPSHIRE,NH,"OBAMA, BARACK H.",DEM,384826,710970,0.5413
978,2012,NEW HAMPSHIRE,NH,"OBAMA, BARACK H.",DEM,369561,710972,0.5198
1083,2016,NEW HAMPSHIRE,NH,"CLINTON, HILLARY",DEM,348526,744296,0.4683
1186,2020,NEW HAMPSHIRE,NH,"BIDEN, JOSEPH R. JR",DEM,424921,806182,0.5271
62,1976,NEW JERSEY,NJ,"CARTER, JIMMY",DEM,1444653,3014472,0.4792
164,1980,NEW JERSEY,NJ,"CARTER, JIMMY",DEM,1147364,2975684,0.3856
266,1984,NEW JERSEY,NJ,"MONDALE, WALTER",DEM,1261323,3217862,0.392
368,1988,NEW JERSEY,NJ,"DUKAKIS, MICHAEL",DEM,1320352,3099553,0.426
469,1992,NEW JERSEY,NJ,"CLINTON, BILL",DEM,1436206,3343594,0.4295
571,1996,NEW JERSEY,NJ,"CLINTON, BILL",DEM,1652361,3075860,0.5372
673,2000,NEW JERSEY,NJ,"GORE, AL",DEM,1788850,3187226,0.5613
776,2004,NEW JERSEY,NJ,"KERRY, JOHN",DEM,1911430,3611691,0.5292
878,2008,NEW JERSEY,NJ,"OBAMA, BARACK H.",DEM,2215422,3868237,0.5727
980,2012,NEW JERSEY,NJ,"OBAMA, BARACK H.",DEM,2122786,3638499,0.5834
1085,2016,NEW JERSEY,NJ,"CLINTON, HILLARY",DEM,2148278,3874046,0.5545
1188,2020,NEW JERSEY,NJ,"BIDEN, JOSEPH R. JR",DEM,2608335,4549353,0.5733
64,1976,NEW MEXICO,NM,"CARTER, JIMMY",DEM,201148,416590,0.4828
166,1980,NEW MEXICO,NM,"CARTER, JIMMY",DEM,167826,456237,0.3678
268,1984,NEW MEXICO,NM,"MONDALE, WALTER",DEM,201769,514370,0.3923
370,1988,NEW MEXICO,NM,"DUKAKIS, MICHAEL",DEM,244497,521387,0.4689
471,1992,NEW MEXICO,NM,"CLINTON, BILL",DEM,261617,569986,0.459
573,1996,NEW MEXICO,NM,"CLINTON, BILL",DEM,273495,556074,0.4918
675,2000,NEW MEXICO,NM,"GORE, AL",DEM,286783,598605,0.4791
779,2004,NEW MEXICO,NM,"KERRY, JOHN",DEM,370942,756304,0.4905
880,2008,NEW MEXICO,NM,"OBAMA, BARACK H.",DEM,472422,830158,0.5691
982,2012,NEW MEXICO,NM,"OBAMA, BARACK H.",DEM,415335,783758,0.5299
1087,2016,NEW MEXICO,NM,"CLINTON, HILLARY",DEM,385234,798319,0.4826
1189,2020,NEW MEXICO,NM,"BIDEN, JOSEPH R. JR",DEM,501614,923965,0.5429
65,1976,NEW YORK,NY,"CARTER, JIMMY",DEM,3244165,6668262,0.4865
167,1980,NEW YORK,NY,"CARTER, JIMMY",DEM,2728372,6201959,0.4399
270,1984,NEW YORK,NY,"MONDALE, WALTER",DEM,3001285,6806810,0.4409
371,1988,NEW YORK,NY,"DUKAKIS, MICHAEL",DEM,3255487,6485683,0.5019
473,1992,NEW YORK,NY,"CLINTON, BILL",DEM,3346894,7079432,0.4728
575,1996,NEW YORK,NY,"CLINTON, BILL",DEM,3649630,6439129,0.5668
677,2000,NEW YORK,NY,"GORE, AL",DEM,3942215,6960215,0.5664
780,2004,NEW YORK,NY,"KERRY, JOHN",DEM,4180755,7448266,0.5613
882,2008,NEW YORK,NY,"OBAMA, BARACK H.",DEM,4645332,7722019,0.6016
984,2012,NEW YORK,NY,"OBAMA, BARACK H.",DEM,4324228,7116784,0.6076
1089,2016,NEW YORK,NY,"CLINTON, HILLARY",DEM,4379789,7802084,0.5614
1191,2020,NEW YORK,NY,"BIDEN, JOSEPH R. JR",DEM,5230985,8661735,0.6039
67,1976,NORTH CAROLINA,NC,"CARTER, JIMMY",DEM,927365,1677906,0.5527
170,1980,NORTH CAROLINA,NC,"CARTER, JIMMY",DEM,875635,1855833,0.4718
272,1984,NORTH CAROLINA,NC,"MONDALE, WALTER",DEM,824287,2175361,0.3789
374,1988,NORTH CAROLINA,NC,"DUKAKIS, MICHAEL",DEM,890167,2134370,0.4171
476,1992,NORTH CAROLINA,NC,"CLINTON, BILL",DEM,1114042,2611850,0.4265
578,1996,NORTH CAROLINA,NC,"CLINTON, BILL",DEM,1107849,2515807,0.4404
680,2000,NORTH CAROLINA,NC,"GORE, AL",DEM,1257692,2914990,0.4315
783,2004,NORTH CAROLINA,NC,"KERRY, JOHN",DEM,1525849,3501007,0.4358
884,2008,NORTH CAROLINA,NC,"OBAMA, BARACK H.",DEM,2142651,4310851,0.497
987,2012,NORTH CAROLINA,NC,"OBAMA, BARACK H.",DEM,2178391,4505372,0.4835
1092,2016,NORTH CAROLINA,NC,"CLINTON, HILLARY",DEM,2189316,4741564,0.4617
1194,2020,NORTH CAROLINA,NC,"BIDEN, JOSEPH R. JR",DEM,2684292,5524802,0.4859
70,1976,NORTH DAKOTA,ND,"CARTER, JIMMY",DEM,136078,297308,0.4577
172,1980,NORTH DAKOTA,ND,"CARTER, JIMMY",DEM,79189,301116,0.263
274,1984,NORTH DAKOTA,ND,"MONDALE, WALTER",DEM,104429,308971,0.338
376,1988,NORTH DAKOTA,ND,"DUKAKIS, MICHAEL",DEM,127739,297261,0.4297
478,1992,NORTH DAKOTA,ND,"CLINTON, BILL",DEM,99168,308133,0.3218
580,1996,NORTH DAKOTA,ND,"CLINTON, BILL",DEM,106905,266411,0.4013
682,2000,NORTH DAKOTA,ND,"GORE, AL",DEM,95284,288256,0.3306
785,2004,NORTH DAKOTA,ND,"KERRY, JOHN",DEM,111052,312833,0.355
887,2008,NORTH DAKOTA,ND,"OBAMA, BARACK H.",DEM,141278,316621,0.4462
989,2012,NORTH DAKOTA,ND,"OBAMA, BARACK H.",DEM,124966,322932,0.387
1094,2016,NORTH DAKOTA,ND,"CLINTON, HILLARY",DEM,93758,344360,0.2723
1196,2020,NORTH DAKOTA,ND,"BIDEN, JOSEPH R. JR",DEM,114902,361819,0.3176
71,1976,OHIO,OH,"CARTER, JIMMY",DEM,2009959,4110456,0.489
174,1980,OHIO,OH,"CARTER, JIMMY",DEM,1752414,4283603,0.4091
276,1984,OHIO,OH,"MONDALE, WALTER",DEM,1825440,4563235,0.4
378,1988,OHIO,OH,"DUKAKIS, MICHAEL",DEM,1939629,4393585,0.4415
479,1992,OHIO,OH,"CLINTON, BILL",DEM,1984942,4939967,0.4018
581,1996,OHIO,OH,"CLINTON, BILL",DEM,2148222,4534434,0.4738
684,2000,OHIO,OH,"GORE, AL",DEM,2183628,4701998,0.4644
787,2004,OHIO,OH,"KERRY, JOHN",DEM,2741165,5627903,0.4871
888,2008,OHIO,OH,"OBAMA, BARACK H.",DEM,2940044,5708350,0.515
990,2012,OHIO,OH,"OBAMA, BARACK H.",DEM,2827621,5580822,0.5067
1096,2016,OHIO,OH,"CLINTON, HILLARY",DEM,2394164,5496487,0.4356
1198,2020,OHIO,OH,"BIDEN, JOSEPH R. JR",DEM,2679165,5922202,0.4524
74,1976,OKLAHOMA,OK,"CARTER, JIMMY",DEM,532442,1092251,0.4875
176,1980,OKLAHOMA,OK,"CARTER, JIMMY",DEM,402026,1149708,0.3497
278,1984,OKLAHOMA,OK,"MONDALE, WALTER",DEM,385080,1255676,0.3067
380,1988,OKLAHOMA,OK,"DUKAKIS, MICHAEL",DEM,483423,1171036,0.4128
482,1992,OKLAHOMA,OK,"CLINTON, BILL",DEM,473066,1390359,0.3402
584,1996,OKLAHOMA,OK,"CLINTON, BILL",DEM,488105,1206713,0.4045
686,2000,OKLAHOMA,OK,"GORE, AL",DEM,474276,1234229,0.3843
789,2004,OKLAHOMA,OK,"KERRY, JOHN",DEM,503966,1463758,0.3443
891,2008,OKLAHOMA,OK,"OBAMA, BARACK H.",DEM,502496,1462661,0.3435
993,2012,OKLAHOMA,OK,"OBAMA, BARACK H.",DEM,443547,1334872,0.3323
1098,2016,OKLAHOMA,OK,"CLINTON, HILLARY",DEM,420375,1452992,0.2893
1200,2020,OKLAHOMA,OK,"BIDEN, JOSEPH R. JR",DEM,503890,1560699,0.3229
76,1976,OREGON,OR,"CARTER, JIMMY",DEM,490407,1029876,0.4762
178,1980,OREGON,OR,"CARTER, JIMMY",DEM,456890,1181516,0.3867
280,1984,OREGON,OR,"MONDALE, WALTER",DEM,536479,1226527,0.4374
381,1988,OREGON,OR,"DUKAKIS, MICHAEL",DEM,616206,1201694,0.5128
483,1992,OREGON,OR,"CLINTON, BILL",DEM,621314,1462643,0.4248
585,1996,OREGON,OR,"CLINTON, BILL",DEM,649641,1377760,0.4715
687,2000,OREGON,OR,"GORE, AL",DEM,720342,1533950,0.4696
790,2004,OREGON,OR,"KERRY, JOHN",DEM,943163,1836782,0.5135
892,2008,OREGON,OR,"OBAMA, BARACK H.",DEM,1037291,1827864,0.5675
994,2012,OREGON,OR,"OBAMA, BARACK H.",DEM,970488,1789270,0.5424
1099,2016,OREGON,OR,"CLINTON, HILLARY",DEM,1002106,2001336,0.5007
1202,2020,OREGON,OR,"BIDEN, JOSEPH R. JR",DEM,1340383,2374321,0.5645
77,1976,PENNSYLVANIA,PA,"CARTER, JIMMY",DEM,2328677,4620787,0.504
180,1980,PENNSYLVANIA,PA,"CARTER, JIMMY",DEM,1937540,4561501,0.4248
282,1984,PENNSYLVANIA,PA,"MONDALE, WALTER",DEM,2228131,4844903,0.4599
384,1988,PENNSYLVANIA,PA,"DUKAKIS, MICHAEL",DEM,2194944,4536251,0.4839
485,1992,PENNSYLVANIA,PA,"CLINTON, BILL",DEM,2239164,4959810,0.4515
587,1996,PENNSYLVANIA,PA,"CLINTON, BILL",DEM,2215819,4501307,0.4923
689,2000,PENNSYLVANIA,PA,"GORE, AL",DEM,2485967,4912185,0.5061
792,2004,PENNSYLVANIA,PA,"KERRY, JOHN",DEM,2938095,5769590,0.5092
894,2008,PENNSYLVANIA,PA,"OBAMA, BARACK H.",DEM,3276363,6013272,0.5449
996,2012,PENNSYLVANIA,PA,"OBAMA, BARACK H.",DEM,2990274,5742040,0.5208
1102,2016,PENNSYLVANIA,PA,"CLINTON, HILLARY",DEM,2926441,6115402,0.4785
1204,2020,PENNSYLVANIA,PA,"BIDEN, JOSEPH R. JR",DEM,3458229,6915283,0.5001
79,1976,RHODE ISLAND,RI,"CARTER, JIMMY",DEM,227636,410584,0.5544
181,1980,RHODE ISLAND,RI,"CARTER, JIMMY",DEM,198342,415967,0.4768
284,1984,RHODE ISLAND,RI,"MONDALE, WALTER",DEM,197106,410489,0.4802
385,1988,RHODE ISLAND,RI,"DUKAKIS, MICHAEL",DEM,225123,404622,0.5564
487,1992,RHODE ISLAND,RI,"CLINTON, BILL",DEM,213299,453365,0.4705
589,1996,RHODE ISLAND,RI,"CLINTON, BILL",DEM,233050,390247,0.5972
691,2000,RHODE ISLAND,RI,"GORE, AL",DEM,249508,409112,0.6099
794,2004,RHODE ISLAND,RI,"KERRY, JOHN",DEM,259760,437134,0.5942
896,2008,RHODE ISLAND,RI,"OBAMA, BARACK H.",DEM,296571,471766,0.6286
998,2012,RHODE ISLAND,RI,"OBAMA, BARACK H.",DEM,279677,446049,0.627
1103,2016,RHODE ISLAND,RI,"CLINTON, HILLARY",DEM,252525,464144,0.5441
1205,2020,RHODE ISLAND,RI,"BIDEN, JOSEPH R. JR",DEM,307486,516990,0.5948
81,1976,SOUTH CAROLINA,SC,"CARTER, JIMMY",DEM,450807,802583,0.5617
184,1980,SOUTH CAROLINA,SC,"CARTER, JIMMY",DEM,428220,888258,0.4821
286,1984,SOUTH CAROLINA,SC,"MONDALE, WALTER",DEM,344459,968529,0.3557
388,1988,SOUTH CAROLINA,SC,"DUKAKIS, MICHAEL",DEM,370554,986009,0.3758
490,1992,SOUTH CAROLINA,SC,"CLINTON, BILL",DEM,525514,1228912,0.4276
592,1996,SOUTH CAROLINA,SC,"CLINTON, BILL",DEM,506152,1150182,0.4401
694,2000,SOUTH CAROLINA,SC,"GORE, AL",DEM,566037,1383902,0.409
797,2004,SOUTH CAROLINA,SC,"KERRY, JOHN",DEM,661669,1617700,0.409
899,2008,SOUTH CAROLINA,SC,"OBAMA, BARACK H.",DEM,862449,1920969,0.449
1001,2012,SOUTH CAROLINA,SC,"OBAMA, BARACK H.",DEM,865941,1964118,0.4409
1106,2016,SOUTH CAROLINA,SC,"CLINTON, HILLARY",DEM,855373,2103027,0.4067
1208,2020,SOUTH CAROLINA,SC,"BIDEN, JOSEPH R. JR",DEM,1091541,2514096,0.4342
84,1976,SOUTH DAKOTA,SD,"CARTER, JIMMY",DEM,147068,300678,0.4891
186,1980,SOUTH DAKOTA,SD,"CARTER, JIMMY",DEM,103855,327703,0.3169
288,1984,SOUTH DAKOTA,SD,"MONDALE, WALTER",DEM,116113,317867,0.3653
390,1988,SOUTH DAKOTA,SD,"DUKAKIS, MICHAEL",DEM,145560,312991,0.4651
492,1992,SOUTH DAKOTA,SD,"CLINTON, BILL",DEM,124888,336254,0.3714
594,1996,SOUTH DAKOTA,SD,"CLINTON, BILL",DEM,139333,323826,0.4303
696,2000,SOUTH DAKOTA,SD,"GORE, AL",DEM,118804,316269,0.3756
799,2004,SOUTH DAKOTA,SD,"KERRY, JOHN",DEM,149244,388215,0.3844
901,2008,SOUTH DAKOTA,SD,"OBAMA, BARACK H.",DEM,170924,381975,0.4475
1003,2012,SOUTH DAKOTA,SD,"OBAMA, BARACK H.",DEM,145039,363815,0.3987
1108,2016,SOUTH DAKOTA,SD,"CLINTON, HILLARY",DEM,117458,370093,0.3174
1210,2020,SOUTH DAKOTA,SD,"BIDEN, JOSEPH R. JR",DEM,150471,422609,0.3561
85,1976,TENNESSEE,TN,"CARTER, JIMMY",DEM,825879,1476346,0.5594
188,1980,TENNESSEE,TN,"CARTER, JIMMY",DEM,783051,1617616,0.4841
290,1984,TENNESSEE,TN,"MONDALE, WALTER",DEM,711714,1711993,0.4157
392,1988,TENNESSEE,TN,"DUKAKIS, MICHAEL",DEM,679794,1636250,0.4155
493,1992,TENNESSEE,TN,"CLINTON, BILL",DEM,933521,1982638,0.4708
595,1996,TENNESSEE,TN,"CLINTON, BILL",DEM,909146,1894105,0.48
698,2000,TENNESSEE,TN,"GORE, AL",DEM,981720,2076181,0.4728
801,2004,TENNESSEE,TN,"KERRY, JOHN",DEM,1036477,2437319,0.4253
903,2008,TENNESSEE,TN,"OBAMA, BARACK H.",DEM,1087437,2599749,0.4183
1005,2012,TENNESSEE,TN,"OBAMA, BARACK H.",DEM,960709,2458577,0.3908
1110,2016,TENNESSEE,TN,"CLINTON, HILLARY",DEM,870695,2508027,0.3472
1212,2020,TENNESSEE,TN,"BIDEN, JOSEPH R. JR",DEM,1143711,3053851,0.3745
87,1976,TEXAS,TX,"CARTER, JIMMY",DEM,2082319,4071884,0.5114
190,1980,TEXAS,TX,"CARTER, JIMMY",DEM,1881147,4541636,0.4142
292,1984,TEXAS,TX,"MONDALE, WALTER",DEM,1949276,5397571,0.3611
394,1988,TEXAS,TX,"DUKAKIS, MICHAEL",DEM,2352748,5427410,0.4335
496,1992,TEXAS,TX,"CLINTON, BILL",DEM,2281815,6154018,0.3708
598,1996,TEXAS,TX,"CLINTON, BILL",DEM,2459683,5611644,0.4383
700,2000,TEXAS,TX,"GORE, AL",DEM,2433746,6407637,0.3798
803,2004,TEXAS,TX,"KERRY, JOHN",DEM,2832704,7410749,0.3822
905,2008,TEXAS,TX,"OBAMA, BARACK H.",DEM,3528633,8077795,0.4368
1007,2012,TEXAS,TX,"OBAMA, BARACK H.",DEM,3308124,7993851,0.4138
1112,2016,TEXAS,TX,"CLINTON, HILLARY",DEM,3877868,8969226,0.4324
1214,2020,TEXAS,TX,"BIDEN, JOSEPH R. JR",DEM,5259126,11315056,0.4648
90,1976,UTAH,UT,"CARTER, JIMMY",DEM,182110,541218,0.3365
192,1980,UTAH,UT,"CARTER, JIMMY",DEM,124266,604152,0.2057
294,1984,UTAH,UT,"MONDALE, WALTER",DEM,155369,629656,0.2468
396,1988,UTAH,UT,"DUKAKIS, MICHAEL",DEM,207343,647008,0.3205
498,1992,UTAH,UT,"CLINTON, BILL",DEM,183429,743998,0.2465
600,1996,UTAH,UT,"CLINTON, BILL",DEM,221633,665629,0.333
702,2000,UTAH,UT,"GORE, AL",DEM,203053,770754,0.2634
805,2004,UTAH,UT,"KERRY, JOHN",DEM,241199,927844,0.26
907,2008,UTAH,UT,"OBAMA, BARACK H.",DEM,327670,952370,0.3441
1009,2012,UTAH,UT,"OBAMA, BARACK H.",DEM,251813,1017440,0.2475
1114,2016,UTAH,UT,"CLINTON, HILLARY",DEM,310674,1131317,0.2746
1215,2020,UTAH,UT,"BIDEN, JOSEPH R. JR",DEM,560282,1488289,0.3765
92,1976,VERMONT,VT,"CARTER, JIMMY",DEM,77798,183902,0.423
194,1980,VERMONT,VT,"CARTER, JIMMY",DEM,81952,213299,0.3842
296,1984,VERMONT,VT,"MONDALE, WALTER",DEM,95730,234561,0.4081
398,1988,VERMONT,VT,"DUKAKIS, MICHAEL",DEM,115775,243328,0.4758
499,1992,VERMONT,VT,"CLINTON, BILL",DEM,133592,289701,0.4611
601,1996,VERMONT,VT,"CLINTON, BILL",DEM,137894,258449,0.5335
703,2000,VERMONT,VT,"GORE, AL",DEM,149022,294308,0.5063
806,2004,VERMONT,VT,"KERRY, JOHN",DEM,184067,312309,0.5894
908,2008,VERMONT,VT,"OBAMA, BARACK H.",DEM,219262,325046,0.6746
1010,2012,VERMONT,VT,"OBAMA, BARACK H.",DEM,199239,299290,0.6657
1115,2016,VERMONT,VT,"CLINTON, HILLARY",DEM,178573,320467,0.5572
1217,2020,VERMONT,VT,"BIDEN, JOSEPH R. JR",DEM,242820,370968,0.6546
94,1976,VIRGINIA,VA,"CARTER, JIMMY",DEM,813896,1697094,0.4796
196,1980,VIRGINIA,VA,"CARTER, JIMMY",DEM,752174,1866032,0.4031
298,1984,VIRGINIA,VA,"MONDALE, WALTER",DEM,796250,2146635,0.3709
400,1988,VIRGINIA,VA,"DUKAKIS, MICHAEL",DEM,859799,2191609,0.3923
502,1992,VIRGINIA,VA,"CLINTON, BILL",DEM,1038650,2559129,0.4059
604,1996,VIRGINIA,VA,"CLINTON, BILL",DEM,1091060,2416642,0.4515
706,2000,VIRGINIA,VA,"GORE, AL",DEM,1217290,2739447,0.4444
809,2004,VIRGINIA,VA,"KERRY, JOHN",DEM,1454742,3195415,0.4553
910,2008,VIRGINIA,VA,"OBAMA, BARACK H.",DEM,1959532,3723260,0.5263
1012,2012,VIRGINIA,VA,"OBAMA, BARACK H.",DEM,1971820,3854489,0.5116
1117,2016,VIRGINIA,VA,"CLINTON, HILLARY",DEM,1981473,3982752,0.4975
1219,2020,VIRGINIA,VA,"BIDEN, JOSEPH R. JR",DEM,2413568,4460524,0.5411
96,1976,WASHINGTON,WA,"CARTER, JIMMY",DEM,717323,1555534,0.4611
198,1980,WASHINGTON,WA,"CARTER, JIMMY",DEM,650193,1742394,0.3732
300,1984,WASHINGTON,WA,"MONDALE, WALTER",DEM,798352,1874910,0.4258
401,1988,WASHINGTON,WA,"DUKAKIS, MICHAEL",DEM,933516,1865253,0.5005
503,1992,WASHINGTON,WA,"CLINTON, BILL",DEM,993037,2287565,0.4341
605,1996,WASHINGTON,WA,"CLINTON, BILL",DEM,1123323,2253837,0.4984
707,2000,WASHINGTON,WA,"GORE, AL",DEM,1247652,2487433,0.5016
810,2004,WASHINGTON,WA,"KERRY, JOHN",DEM,1510201,2859084,0.5282
912,2008,WASHINGTON,WA,"OBAMA, BARACK H.",DEM,1750848,3036878,0.5765
1014,2012,WASHINGTON,WA,"OBAMA, BARACK H.",DEM,1755396,3125516,0.5616
1119,2016,WASHINGTON,WA,"CLINTON, HILLARY",DEM,1742718,3317019,0.5254
1221,2020,WASHINGTON,WA,"BIDEN, JOSEPH R. JR",DEM,2369612,4087631,0.5797
97,1976,WEST VIRGINIA,WV,"CARTER, JIMMY",DEM,435864,750590,0.5807
199,1980,WEST VIRGINIA,WV,"CARTER, JIMMY",DEM,367462,737715,0.4981
302,1984,WEST VIRGINIA,WV,"MONDALE, WALTER",DEM,328125,735742,0.446
403,1988,WEST VIRGINIA,WV,"DUKAKIS, MICHAEL",DEM,341016,653311,0.522
505,1992,WEST VIRGINIA,WV,"CLINTON, BILL",DEM,331001,683677,0.4841
607,1996,WEST VIRGINIA,WV,"CLINTON, BILL",DEM,327812,636459,0.5151
710,2000,WEST VIRGINIA,WV,"GORE, AL",DEM,295497,648124,0.4559
813,2004,WEST VIRGINIA,WV,"KERRY, JOHN",DEM,326541,755792,0.4321
915,2008,WEST VIRGINIA,WV,"OBAMA, BARACK H.",DEM,303857,713451,0.4259
1017,2012,WEST VIRGINIA,WV,"OBAMA, BARACK H.",DEM,238269,670438,0.3554
1122,2016,WEST VIRGINIA,WV,"CLINTON, HILLARY",DEM,188794,713051,0.2648
1223,2020,WEST VIRGINIA,WV,"BIDEN, JOSEPH R. JR",DEM,235984,794652,0.297
99,1976,WISCONSIN,WI,"CARTER, JIMMY",DEM,1040232,2101336,0.495
202,1980,WISCONSIN,WI,"CARTER, JIMMY",DEM,981584,2273221,0.4318
304,1984,WISCONSIN,WI,"MONDALE, WALTER",DEM,995740,2211689,0.4502
405,1988,WISCONSIN,WI,"DUKAKIS, MICHAEL",DEM,1126794,2191608,0.5141
507,1992,WISCONSIN,WI,"CLINTON, BILL",DEM,1041066,2531064,0.4113
609,1996,WISCONSIN,WI,"CLINTON, BILL",DEM,1071971,2196169,0.4881
711,2000,WISCONSIN,WI,"GORE, AL",DEM,1242987,2598607,0.4783
814,2004,WISCONSIN,WI,"KERRY, JOHN",DEM,1489504,2997007,0.497
916,2008,WISCONSIN,WI,"OBAMA, BARACK H.",DEM,1677211,2983417,0.5622
1018,2012,WISCONSIN,WI,"OBAMA, BARACK H.",DEM,1620985,3071434,0.5278
1124,2016,WISCONSIN,WI,"CLINTON, HILLARY",DEM,1382536,2976150,0.4645
1225,2020,WISCONSIN,WI,"BIDEN, JOSEPH R. JR",DEM,1630866,3298041,0.4945
102,1976,WYOMING,WY,"CARTER, JIMMY",DEM,62239,156343,0.3981
204,1980,WYOMING,WY,"CARTER, JIMMY",DEM,49427,176713,0.2797
306,1984,WYOMING,WY,"MONDALE, WALTER",DEM,53370,188968,0.2824
408,1988,WYOMING,WY,"DUKAKIS, MICHAEL",DEM,67113,176551,0.3801
510,1992,WYOMING,WY,"CLINTON, BILL",DEM,68160,199884,0.341
612,1996,WYOMING,WY,"CLINTON, BILL",DEM,77934,211571,0.3684
714,2000,WYOMING,WY,"GORE, AL",DEM,60481,213726,0.283
817,2004,WYOMING,WY,"KERRY, JOHN",DEM,70776,243861,0.2902
919,2008,WYOMING,WY,"OBAMA, BARACK H.",DEM,82868,254904,0.3251
1021,2012,WYOMING,WY,"OBAMA, BARACK H.",DEM,69286,250701,0.2764
1126,2016,WYOMING,WY,"CLINTON, HILLARY",DEM,55973,258788,0.2163
1227,2020,WYOMING,WY,"BIDEN, JOSEPH R. JR",DEM,73491,278503,0.2639
